status,dataset,method,seed,source_result,anchor_labels,structure_validation_labels,upstream_query_target_leakage_max_q_difference,coordinate_box_max_violation,coordinate_clip_fraction,clip_l2_median,raw_q_validation_max_abs_z,functional_validation_max_abs_z,box_reference_nrmse,unconstrained_reference_nrmse,prediction_nrmse_ratio
success,nasa_battery_capacity_reviewer_clean_inner0,joint_continuity_step1,0,runs/nasa_battery_reviewer_clean_inner_q_20260825/nasa_battery_capacity_reviewer_clean_inner0/joint_continuity_step1/seed0_q4_ed200e16f4e6/result.json,8,5,0.0,0.0,0.55,0.4069904689804402,2.1923623012432283,1.7478862494905216,2.008320195303603,1.6293931007385254,1.2325571983785424
success,nasa_battery_capacity_reviewer_clean_inner0,joint_continuity_step1,1,runs/nasa_battery_reviewer_clean_inner_q_20260825/nasa_battery_capacity_reviewer_clean_inner0/joint_continuity_step1/seed1_q4_c01494fc23c7/result.json,8,5,0.0,0.0,0.6,0.2824660374887089,2.213173594927631,3.715859884965371,1.4417595178992684,1.386078953742981,1.0401712788480968
success,nasa_battery_capacity_reviewer_clean_inner0,joint_continuity_step1,2,runs/nasa_battery_reviewer_clean_inner_q_20260825/nasa_battery_capacity_reviewer_clean_inner0/joint_continuity_step1/seed2_q4_dc2cfd5bb864/result.json,8,5,0.0,0.0,0.7,0.5590819480021066,2.5079762398820904,1.8603658001000245,1.7672361932438752,1.463534951210022,1.207512121102922
success,nasa_battery_capacity_reviewer_clean_inner0,joint_continuity_step1,3,runs/nasa_battery_reviewer_clean_inner_q_20260825/nasa_battery_capacity_reviewer_clean_inner0/joint_continuity_step1/seed3_q4_8c7bd68b9982/result.json,8,5,0.0,0.0,0.55,0.6133429005198519,2.471313367433975,2.4355497027823647,2.0286453860568114,0.9645244479179382,2.1032596845377305
success,nasa_battery_capacity_reviewer_clean_inner0,joint_continuity_step1,4,runs/nasa_battery_reviewer_clean_inner_q_20260825/nasa_battery_capacity_reviewer_clean_inner0/joint_continuity_step1/seed4_q4_7d347c9c389e/result.json,8,5,0.0,0.0,0.4,0.4757308214902879,1.8980026956325364,2.398311818785408,1.5727425484838586,1.002652883529663,1.5685812850278704
success,nasa_battery_capacity_reviewer_clean_inner1,joint_continuity_step1,0,runs/nasa_battery_reviewer_clean_inner_q_20260825/nasa_battery_capacity_reviewer_clean_inner1/joint_continuity_step1/seed0_q4_55936bac92a3/result.json,8,5,0.0,0.0,0.55,0.3122430741786957,2.02900870411865,2.6336545271264127,1.2788317216716467,1.486914038658142,0.8600576014641181
success,nasa_battery_capacity_reviewer_clean_inner1,joint_continuity_step1,1,runs/nasa_battery_reviewer_clean_inner_q_20260825/nasa_battery_capacity_reviewer_clean_inner1/joint_continuity_step1/seed1_q4_3ba7b5304459/result.json,8,5,0.0,0.0,0.65,0.8754746165164968,2.384177254438848,2.699684623470882,0.8826059186101954,1.1584558486938477,0.761881360955904
success,nasa_battery_capacity_reviewer_clean_inner1,joint_continuity_step1,2,runs/nasa_battery_reviewer_clean_inner_q_20260825/nasa_battery_capacity_reviewer_clean_inner1/joint_continuity_step1/seed2_q4_8acc21f84a09/result.json,8,5,0.0,0.0,0.6,0.7722417152979427,2.15132945615662,3.026067356849222,0.980435554298279,1.1112419366836548,0.8822881156053658
success,nasa_battery_capacity_reviewer_clean_inner1,joint_continuity_step1,3,runs/nasa_battery_reviewer_clean_inner_q_20260825/nasa_battery_capacity_reviewer_clean_inner1/joint_continuity_step1/seed3_q4_6e2d17c34741/result.json,8,5,0.0,0.0,0.6,0.537284582366319,2.5467966810817755,5.549145540457198,0.6962611597627012,1.378178596496582,0.5052038694641184
success,nasa_battery_capacity_reviewer_clean_inner1,joint_continuity_step1,4,runs/nasa_battery_reviewer_clean_inner_q_20260825/nasa_battery_capacity_reviewer_clean_inner1/joint_continuity_step1/seed4_q4_a8400486f916/result.json,8,5,0.0,0.0,0.65,0.4481197735167717,2.2762076173071355,2.754674573335266,0.7145518831020565,1.7344210147857666,0.4119829482061004
success,nasa_battery_capacity_reviewer_clean_inner2,joint_continuity_step1,0,runs/nasa_battery_reviewer_clean_inner_q_20260825/nasa_battery_capacity_reviewer_clean_inner2/joint_continuity_step1/seed0_q4_bc802abc5717/result.json,8,5,0.0,0.0,0.8,0.7214169423717045,2.320933511694482,1.5931648720500124,1.9812043740444536,1.6654924154281616,1.1895607303231874
success,nasa_battery_capacity_reviewer_clean_inner2,joint_continuity_step1,1,runs/nasa_battery_reviewer_clean_inner_q_20260825/nasa_battery_capacity_reviewer_clean_inner2/joint_continuity_step1/seed1_q4_fad16536e188/result.json,8,5,0.0,0.0,0.7,0.8950308235046349,2.49235343713321,2.368573430168453,2.011982656111498,0.9608731865882874,2.0939107097527825
success,nasa_battery_capacity_reviewer_clean_inner2,joint_continuity_step1,2,runs/nasa_battery_reviewer_clean_inner_q_20260825/nasa_battery_capacity_reviewer_clean_inner2/joint_continuity_step1/seed2_q4_83af1173282b/result.json,8,5,0.0,0.0,0.9,0.7939046313895656,2.2357529489951755,1.4770190096800002,2.0376124508263915,1.1694101095199585,1.74242760023926
success,nasa_battery_capacity_reviewer_clean_inner2,joint_continuity_step1,3,runs/nasa_battery_reviewer_clean_inner_q_20260825/nasa_battery_capacity_reviewer_clean_inner2/joint_continuity_step1/seed3_q4_b28f016a3f81/result.json,8,5,0.0,0.0,0.6,0.2062393698662835,2.5318777063846847,2.5889741318759416,1.9391046358629989,1.0807901620864868,1.7941545953004596
success,nasa_battery_capacity_reviewer_clean_inner2,joint_continuity_step1,4,runs/nasa_battery_reviewer_clean_inner_q_20260825/nasa_battery_capacity_reviewer_clean_inner2/joint_continuity_step1/seed4_q4_f34dded37ea6/result.json,8,5,0.0,0.0,0.65,1.0202339291572569,2.1654225753028613,1.8019698347016493,1.701974639567563,1.1931607723236084,1.426442000982877
success,nasa_battery_capacity_reviewer_clean_inner0,joint_mse_step1,0,runs/nasa_battery_reviewer_clean_inner_q_20260825/nasa_battery_capacity_reviewer_clean_inner0/joint_mse_step1/seed0_q4_0e59d419d083/result.json,8,5,0.0,0.0,0.45,0.2494756433236265,2.139873464471476,3.075098021950257,1.0572239630792335,0.6426151990890503,1.6451897878822643
success,nasa_battery_capacity_reviewer_clean_inner0,joint_mse_step1,1,runs/nasa_battery_reviewer_clean_inner_q_20260825/nasa_battery_capacity_reviewer_clean_inner0/joint_mse_step1/seed1_q4_735a5ab3571f/result.json,8,5,0.0,0.0,0.4,0.4509258993822757,2.112873851542819,2.6710102792244985,1.0963900824095232,1.043276309967041,1.050910551629568
success,nasa_battery_capacity_reviewer_clean_inner0,joint_mse_step1,2,runs/nasa_battery_reviewer_clean_inner_q_20260825/nasa_battery_capacity_reviewer_clean_inner0/joint_mse_step1/seed2_q4_3dc9cc858e16/result.json,8,5,0.0,0.0,0.7,0.6282247979844904,2.4263218397970974,2.3162010388985754,0.9233207813798164,0.5819851160049438,1.5865023966901122
success,nasa_battery_capacity_reviewer_clean_inner0,joint_mse_step1,3,runs/nasa_battery_reviewer_clean_inner_q_20260825/nasa_battery_capacity_reviewer_clean_inner0/joint_mse_step1/seed3_q4_104002a86142/result.json,8,5,0.0,0.0,0.5,0.2300058007240295,2.073566351205304,1.7047221195986533,1.247294265237537,1.280598282814026,0.973993391976674
success,nasa_battery_capacity_reviewer_clean_inner0,joint_mse_step1,4,runs/nasa_battery_reviewer_clean_inner_q_20260825/nasa_battery_capacity_reviewer_clean_inner0/joint_mse_step1/seed4_q4_8b811cf7b13c/result.json,8,5,0.0,0.0,0.55,0.3567578604835236,2.56358434496278,2.7331887190131137,1.1447812980334418,0.9174716472625732,1.2477565943853242
success,nasa_battery_capacity_reviewer_clean_inner1,joint_mse_step1,0,runs/nasa_battery_reviewer_clean_inner_q_20260825/nasa_battery_capacity_reviewer_clean_inner1/joint_mse_step1/seed0_q4_aae01616521a/result.json,8,5,0.0,0.0,0.8,1.195519609188731,2.348736598257658,2.2396963457302186,1.3419456398824503,0.9519577026367188,1.4096693961985378
success,nasa_battery_capacity_reviewer_clean_inner1,joint_mse_step1,1,runs/nasa_battery_reviewer_clean_inner_q_20260825/nasa_battery_capacity_reviewer_clean_inner1/joint_mse_step1/seed1_q4_f6ce3ba35c6f/result.json,8,5,0.0,0.0,0.7,0.6772839816567973,2.279709328504876,3.13736823841433,0.8805938485210094,0.7085052132606506,1.2428897233774474
success,nasa_battery_capacity_reviewer_clean_inner1,joint_mse_step1,2,runs/nasa_battery_reviewer_clean_inner_q_20260825/nasa_battery_capacity_reviewer_clean_inner1/joint_mse_step1/seed2_q4_f8a2a867f237/result.json,8,5,0.0,0.0,0.85,0.8785209559954921,1.9904441638667745,2.5798978955943728,0.837149324295151,0.9080142378807068,0.9219561647502869
success,nasa_battery_capacity_reviewer_clean_inner1,joint_mse_step1,3,runs/nasa_battery_reviewer_clean_inner_q_20260825/nasa_battery_capacity_reviewer_clean_inner1/joint_mse_step1/seed3_q4_820b00d29afd/result.json,8,5,0.0,0.0,0.85,0.832600690752617,1.8243040829916808,1.554907513689698,0.821168273741912,1.0863299369812012,0.7559105625164432
success,nasa_battery_capacity_reviewer_clean_inner1,joint_mse_step1,4,runs/nasa_battery_reviewer_clean_inner_q_20260825/nasa_battery_capacity_reviewer_clean_inner1/joint_mse_step1/seed4_q4_43f7b3c333e6/result.json,8,5,0.0,0.0,0.5,0.7394400347998251,2.219458900392865,2.348092743828412,0.8008934277185152,0.6592473387718201,1.2148603120804131
success,nasa_battery_capacity_reviewer_clean_inner2,joint_mse_step1,0,runs/nasa_battery_reviewer_clean_inner_q_20260825/nasa_battery_capacity_reviewer_clean_inner2/joint_mse_step1/seed0_q4_c95c82ed4f2e/result.json,8,5,0.0,0.0,0.65,0.5181465843245616,2.26557509475546,1.245508589656077,2.025106786944169,2.149454355239868,0.9421492398791494
success,nasa_battery_capacity_reviewer_clean_inner2,joint_mse_step1,1,runs/nasa_battery_reviewer_clean_inner_q_20260825/nasa_battery_capacity_reviewer_clean_inner2/joint_mse_step1/seed1_q4_613e58e5873c/result.json,8,5,0.0,0.0,0.4,0.7045893132121349,2.0929104158779213,3.00020413849352,1.7609393531576234,1.0725491046905518,1.6418263233417958
success,nasa_battery_capacity_reviewer_clean_inner2,joint_mse_step1,2,runs/nasa_battery_reviewer_clean_inner_q_20260825/nasa_battery_capacity_reviewer_clean_inner2/joint_mse_step1/seed2_q4_edafe672515a/result.json,8,5,0.0,0.0,0.6,0.4852631050553311,2.474269569240191,1.6206972239297024,1.5379494270575589,1.539657711982727,0.9988904774666
success,nasa_battery_capacity_reviewer_clean_inner2,joint_mse_step1,3,runs/nasa_battery_reviewer_clean_inner_q_20260825/nasa_battery_capacity_reviewer_clean_inner2/joint_mse_step1/seed3_q4_05e663c407c1/result.json,8,5,0.0,0.0,0.85,0.8571361675556838,2.044943717628024,1.505287608945455,1.4227621955259917,0.4684807360172272,3.036970543594931
success,nasa_battery_capacity_reviewer_clean_inner2,joint_mse_step1,4,runs/nasa_battery_reviewer_clean_inner_q_20260825/nasa_battery_capacity_reviewer_clean_inner2/joint_mse_step1/seed4_q4_e4c6d3fcb586/result.json,8,5,0.0,0.0,0.6,0.7523310372623415,2.061537182469684,2.8172745880803403,1.2492346423940963,0.8378159999847412,1.4910608563417842
