family,label,r2,reference_nrmse
functional_degree1,13,0.8937467822530905,0.32596505602120845
functional_degree1,1046,0.9801811488179254,0.14077944161728523
functional_degree1,1176,0.7225018250441843,0.5267809553845088
functional_degree1,1178,0.8647445190110246,0.36777096267782666
functional_degree1,1652,0.5589153332971861,0.6641420531052177
functional_degree1,2100,0.8965512773749909,0.32163445497180365
functional_degree1,2121,0.988639700852441,0.10658470409753436
functional_degree1,2242,0.9623575837634951,0.1940165359872835
functional_degree1,2251,-105.11717692231399,10.301319183595563
functional_degree1,3882,0.9547922507544655,0.21262114016610506
functional_degree1,3883,0.945974670418425,0.23243349496485016
functional_degree1,3888,0.9741014886073764,0.16093014444976908
functional_degree1,3967,0.4652225430205301,0.7312847988160769
functional_degree1,5044,0.7234896431300698,0.5258425209793615
functional_degree1,5843,0.8323933280385484,0.40939793839423716
functional_degree1,5845,0.8285624661001983,0.41405015867621847
functional_degree1,6363,0.6393560167309049,0.6005364129418758
functional_degree1,6420,0.533703785639015,0.6828588539083206
functional_degree1,6447,0.755903344772373,0.4940613881165245
functional_degree1,7097,0.821004010577783,0.4230791763041723
functional_degree1,7376,-8.338699995342038,3.0559286633267533
functional_degree1,7377,-6.650722675843222,2.765993976103929
functional_degree1,7477,0.8912511315898537,0.3297709332402514
functional_degree1,7529,0.9294026513237965,0.2657016158705164
functional_degree1,7891,0.9549249887512182,0.2123087639471855
functional_degree1,7892,0.9391377306195446,0.24670279564783074
functional_degree1,8057,0.5035949048870776,0.7045602139724627
functional_degree1,11054,0.900454051501753,0.315509030771303
functional_degree1,11060,0.41823696513316344,0.7627339214082698
functional_degree1,11075,0.8792385409954401,0.34750749488976473
functional_degree1,11397,0.7487345843821006,0.5012638183809993
functional_degree1,11399,-1.0557176631606016,1.433777410604799
functional_degree1,11402,0.7615080309472058,0.48835639552768656
functional_degree1,11403,0.7215372500244963,0.5276956982726918
functional_degree1,11621,0.5448214564914102,0.6746692104347062
functional_degree1,11812,-28.89135363556045,5.467298568357178
functional_degree1,12139,0.8198965679947002,0.4243859469931818
functional_degree1,12216,0.24781334221974893,0.8672869523867237
functional_degree1,12972,-7.708465145913403,2.9510108684844596
functional_degree1,13322,-0.24740855998092304,1.1168744602599356
functional_degree1,13692,0.9017775320595074,0.31340463930914075
functional_degree1,13713,-637.212596481754,25.262869917761797
functional_degree1,13978,0.6458475079675874,0.5951071265179175
functional_degree1,14219,0.935986675674347,0.25300854595379385
functional_degree1,15081,-1.2879337994971132,1.512591749117095
functional_degree1,15402,0.9029516826203176,0.31152578926901453
functional_degree1,15433,0.9266504543660448,0.2708312124441259
functional_degree1,16161,0.9417774823243751,0.2412934265072817
functional_degree1,16609,0.837225561705231,0.4034531426259671
functional_degree1,16611,0.8604513869328911,0.3735620605295843
functional_degree1,16792,0.8103380113363958,0.4355019961648904
functional_degree1,17209,0.7803463714760903,0.4686721973020265
functional_degree1,17710,-3.570916570594778,2.137970198715309
functional_degree1,18305,0.2530326670449782,0.864272719085256
functional_degree1,18306,-0.027416678303102238,1.0136156462402808
functional_degree1,19090,-31.746518905945692,5.722457418447576
functional_degree1,19424,-4627.557184807728,68.0335004597568
functional_degree1,19665,-1.783185192858102,1.6682881024745402
functional_degree1,20512,-0.26406341038473213,1.1243057459538006
functional_degree1,20574,-1332.207959824258,36.513120379176826
functional_degree1,25605,-2377.0586437908432,48.765342650194135
functional_degree1,28201,-0.5157440414464645,1.2311555715856808
functional_degree1,33846,0.9654491529379511,0.18587858150429534
functional_degree1,33847,0.9813464804651186,0.1365778881623278
functional_degree1,35958,0.9651000002657503,0.18681541621142986
functional_degree1,43046,0.17483635282892562,0.9083851865651895
functional_degree1,44259,0.9188021817559024,0.2849523087186654
functional_degree1,45057,0.8952579608620557,0.32363874789330194
functional_degree1,45058,0.9337576082211687,0.25737597358500897
functional_degree1,45060,0.9814810774436896,0.1360842480094972
functional_degree1,45065,0.9813067151369681,0.13672338813470025
functional_degree1,45663,0.8546945840932796,0.38118947507338186
functional_degree1,46570,0.742468619266109,0.5074754976684994
functional_degree1,47036,0.5586888121504142,0.6643125678847163
functional_degree1,47038,0.9137576709730095,0.29367044288962835
functional_degree1,47039,0.9495232494554642,0.22467031522774836
functional_degree1,50784,0.935210645782646,0.25453753007632096
functional_degree1,50798,0.9560967637577145,0.2095309911260995
functional_degree1,50801,0.9275740161956376,0.2691207606342595
functional_degree1,84085,-0.48451248114060963,1.2184057128644012
functional_degree2,13,0.9308252823203073,0.2630108698888561
functional_degree2,1046,0.9724546101249969,0.16596803871529947
functional_degree2,1176,0.7853119029381755,0.46334446911755023
functional_degree2,1178,0.9455083040698162,0.23343456455757305
functional_degree2,1652,0.6267507427417236,0.6109412878978441
functional_degree2,2100,0.9264460156888883,0.27120837802529557
functional_degree2,2121,0.9739348756717248,0.16144697063827237
functional_degree2,2242,0.9623660844422257,0.1939946276518355
functional_degree2,2251,-215.60720628966334,14.717581536708513
functional_degree2,3882,0.9527498961045703,0.21737089017490285
functional_degree2,3883,0.9914184227559147,0.09263680285979885
functional_degree2,3888,0.9906657349676515,0.09661400018811181
functional_degree2,3967,0.5493942331701167,0.6712717533383058
functional_degree2,5044,0.8745446363283673,0.3541967866478077
functional_degree2,5843,0.8230845808699219,0.4206131466443698
functional_degree2,5845,0.8432303081071738,0.3959415258505052
functional_degree2,6363,0.6009867467977303,0.6316749585049812
functional_degree2,6420,0.5574989066862865,0.6652075565669061
functional_degree2,6447,0.8860048791382282,0.3376316348652356
functional_degree2,7097,0.7742272094549614,0.47515554352763123
functional_degree2,7376,-8.90550890664799,3.1473018454936907
functional_degree2,7377,-5.885836854871377,2.624087813864348
functional_degree2,7477,0.8909558091057262,0.3302183987821904
functional_degree2,7529,0.8966244931668155,0.32152061649789193
functional_degree2,7891,0.9539999668717779,0.21447618312582425
functional_degree2,7892,0.9362266480886909,0.25253386290022384
functional_degree2,8057,0.5014397302626401,0.7060880042440602
functional_degree2,11054,0.8502661640849651,0.3869545656986553
functional_degree2,11060,0.41854776229520596,0.7625301552757071
functional_degree2,11075,0.8337676483695357,0.4077160183638415
functional_degree2,11397,0.9484305986562755,0.22708897230760558
functional_degree2,11399,-1.4630370916905053,1.5694066049595006
functional_degree2,11402,0.950600091734098,0.22226090134322335
functional_degree2,11403,0.8326560671473793,0.4090769277930751
functional_degree2,11621,0.5639673807117493,0.6603276605506169
functional_degree2,11812,-35.7461811371681,6.061862843810316
functional_degree2,12139,0.8807939086074436,0.34526235154235463
functional_degree2,12216,0.36231604620403046,0.798551159160119
functional_degree2,12972,-7.969462590993727,2.9949061072083256
functional_degree2,13322,-0.6230368020362473,1.273984616090888
functional_degree2,13692,0.8812499966190783,0.3446012237078122
functional_degree2,13713,-639.9215281975444,25.31642802998765
functional_degree2,13978,0.6948194079307866,0.5524315270413278
functional_degree2,14219,0.8690427931475272,0.3618801001056466
functional_degree2,15081,-0.3024347799846967,1.1412426472861488
functional_degree2,15402,0.8982652540889934,0.3189588467357609
functional_degree2,15433,0.6521642342490959,0.5897760301596734
functional_degree2,16161,0.8947073514475669,0.3244882872345829
functional_degree2,16609,0.9828904770824483,0.13080337502355102
functional_degree2,16611,0.9857453996328105,0.1193926311260019
functional_degree2,16792,0.8827780177921885,0.342376959224495
functional_degree2,17209,0.9053851822320816,0.30759521740091855
functional_degree2,17710,-3.4984685054612292,2.12095933611685
functional_degree2,18305,0.30777483346294987,0.8320007010436049
functional_degree2,18306,0.1100096267581705,0.9433930110202374
functional_degree2,19090,-30.22411155597726,5.587853931159731
functional_degree2,19424,-4811.520515887361,69.37233249565249
functional_degree2,19665,-1.7238296626493432,1.6504028788902858
functional_degree2,20512,-0.4918838026195107,1.221426953452195
functional_degree2,20574,-1354.3821016177637,36.815514414683435
functional_degree2,25605,-2179.1375698681504,46.691943307900026
functional_degree2,28201,-0.5076003798137847,1.2278437929206567
functional_degree2,33846,0.9846063531580189,0.12407113621620917
functional_degree2,33847,0.9849613509319824,0.12263216979250413
functional_degree2,35958,0.9467791711224492,0.2306963997932146
functional_degree2,43046,0.2702601086622426,0.8542481438889741
functional_degree2,44259,0.9496226509263594,0.2244489899145027
functional_degree2,45057,0.9370667315092717,0.2508650403916982
functional_degree2,45058,0.9510619093080032,0.22121955314121056
functional_degree2,45060,0.9821761655864043,0.13350593400143557
functional_degree2,45065,0.9816921885698447,0.13530636138096097
functional_degree2,45663,0.8149351562746915,0.43019163604759747
functional_degree2,46570,0.8281134964262468,0.4145919723942484
functional_degree2,47036,0.4884099862682879,0.715255208811311
functional_degree2,47038,0.8818184676756067,0.3437754097145304
functional_degree2,47039,0.9510933981198445,0.22114837073818902
functional_degree2,50784,0.9474372960725843,0.2292655751032318
functional_degree2,50798,0.9617115516388935,0.19567434262341718
functional_degree2,50801,0.9023005277274632,0.31256914798574875
functional_degree2,84085,-0.5196360597572194,1.232735194499297
functional_degree3,13,0.9424659440707359,0.239862577175482
functional_degree3,1046,0.971469810515351,0.16890882003213742
functional_degree3,1176,0.7831157125742867,0.4657083716508791
functional_degree3,1178,0.9490723916103445,0.2256714611767635
functional_degree3,1652,0.7072709363745125,0.5410444192721032
functional_degree3,2100,0.9276607331676971,0.2689596007438717
functional_degree3,2121,0.9755173253913102,0.156469404704849
functional_degree3,2242,0.9496902250942846,0.22429840593663494
functional_degree3,2251,-245.00402807889026,15.684515551297409
functional_degree3,3882,0.9592935408676942,0.20175841774832026
functional_degree3,3883,0.9901228817979559,0.09938369183142702
functional_degree3,3888,0.9890713737323684,0.10454007015317923
functional_degree3,3967,0.5352787294782031,0.6817046798444301
functional_degree3,5044,0.8309451189500277,0.4111628400645812
functional_degree3,5843,0.824281233550752,0.4191882231757567
functional_degree3,5845,0.84787465578509,0.3900324912297821
functional_degree3,6363,0.5849815494622992,0.6442192565716278
functional_degree3,6420,0.5447210570737027,0.6747436127347167
functional_degree3,6447,0.8556345349536415,0.3799545565542787
functional_degree3,7097,0.7679231542015885,0.48174354774964184
functional_degree3,7376,-10.148005471315066,3.338862900946229
functional_degree3,7377,-5.891918674388793,2.625246402604676
functional_degree3,7477,0.9281685886116265,0.2680138268604316
functional_degree3,7529,0.9000661265665792,0.3161231934442974
functional_degree3,7891,0.9947895797521328,0.07218324076866599
functional_degree3,7892,0.9927461906223538,0.08516929832777889
functional_degree3,8057,0.5056790545460357,0.7030796153025376
functional_degree3,11054,0.848545651400654,0.389171361484046
functional_degree3,11060,0.4192603924327266,0.7620627320419714
functional_degree3,11075,0.8358053755333498,0.4052093588093077
functional_degree3,11397,0.9536302638401377,0.21533633265165067
functional_degree3,11399,-1.6422464534659178,1.6254988321945725
functional_degree3,11402,0.9645421215260966,0.18830262471326148
functional_degree3,11403,0.8502716885524625,0.3869474272398481
functional_degree3,11621,0.5528546180068006,0.6686893015393618
functional_degree3,11812,-38.78299265653779,6.307376051619072
functional_degree3,12139,0.831704058320985,0.41023888367512773
functional_degree3,12216,0.3063671968673405,0.8328462061705388
functional_degree3,12972,-7.818200789473337,2.9695455526853496
functional_degree3,13322,-2.270509926287773,1.8084551214469693
functional_degree3,13692,0.8921628623849146,0.3283856537899994
functional_degree3,13713,-703.0730917663047,26.53437566189009
functional_degree3,13978,0.6695780592061954,0.5748233996574988
functional_degree3,14219,0.8926513215922681,0.32764108168502304
functional_degree3,15081,-1.412219006384757,1.5531319990215762
functional_degree3,15402,0.9001238108227039,0.3160319432862698
functional_degree3,15433,0.479110909527654,0.7217264651322868
functional_degree3,16161,0.8818277142406435,0.34376196089642674
functional_degree3,16609,0.9866836454427804,0.11539651016048776
functional_degree3,16611,0.9865547180083275,0.11595379248507764
functional_degree3,16792,0.8826714217244888,0.34253259447169576
functional_degree3,17209,0.8815747146182233,0.3441297507943431
functional_degree3,17710,-3.338685075246776,2.082951049652098
functional_degree3,18305,0.3227750006688549,0.8229368136929743
functional_degree3,18306,0.16106457371655203,0.915934182287924
functional_degree3,19090,-30.21298411337414,5.586858161200635
functional_degree3,19424,-4901.440431747655,70.01742948543352
functional_degree3,19665,-1.800585709691776,1.673495058161743
functional_degree3,20512,-0.4983990419163842,1.2240911085031148
functional_degree3,20574,-1370.6733187727634,37.03610831030662
functional_degree3,25605,-2201.5742725235923,46.931591412646476
functional_degree3,28201,-0.5008711808806625,1.2251004778713714
functional_degree3,33846,0.9901581769658285,0.09920596269464578
functional_degree3,33847,0.9953368070005515,0.06828757573269487
functional_degree3,35958,0.9516258970479343,0.21994113519772907
functional_degree3,43046,0.26599272869090673,0.8567422432150135
functional_degree3,44259,0.9414742185183386,0.24192102323209008
functional_degree3,45057,0.9490802573541847,0.22565403308120902
functional_degree3,45058,0.9731464942186735,0.16387039324211833
functional_degree3,45060,0.997754937213984,0.0473820935166018
functional_degree3,45065,0.9975854963443703,0.04913759920498378
functional_degree3,45663,0.8134691182116863,0.4318922108446895
functional_degree3,46570,0.8294604743408505,0.41296431523698207
functional_degree3,47036,0.5040701345368073,0.7042228805308677
functional_degree3,47038,0.8904430073493648,0.3309939465468141
functional_degree3,47039,0.9623819378984266,0.19395376279302584
functional_degree3,50784,0.9537086562234814,0.21515423253219665
functional_degree3,50798,0.9641672962557879,0.18929528188576736
functional_degree3,50801,0.925058459314349,0.2737545263290654
functional_degree3,84085,-0.5200533209869831,1.232904424919865
functional_degree4,13,0.9435544053409095,0.2375828164221699
functional_degree4,1046,0.9718236937537627,0.16785799428754444
functional_degree4,1176,0.775021037791951,0.4743194727270313
functional_degree4,1178,0.9440581506577984,0.23652029372170502
functional_degree4,1652,0.70004718149148,0.5476794851996193
functional_degree4,2100,0.9276668038502635,0.2689483150156114
functional_degree4,2121,0.973712477145363,0.16213427415150974
functional_degree4,2242,0.9483063077833359,0.22736246879523478
functional_degree4,2251,-293.45481287350134,17.15968568690876
functional_degree4,3882,0.9562297836310061,0.20921332741724152
functional_degree4,3883,0.9850088349464199,0.12243841330881475
functional_degree4,3888,0.9906059186543374,0.09692306921297197
functional_degree4,3967,0.5233685951184605,0.6903849686092098
functional_degree4,5044,0.8356675802025394,0.4053793529491365
functional_degree4,5843,0.8217067255967728,0.42224788265096985
functional_degree4,5845,0.8471271714780785,0.3909895503999071
functional_degree4,6363,0.5813144725029666,0.6470591375577918
functional_degree4,6420,0.5555969491314041,0.6666356207618941
functional_degree4,6447,0.8691638276613922,0.3617128313159596
functional_degree4,7097,0.7659963902261389,0.4837391960280469
functional_degree4,7376,-9.986415989874844,3.314576291153191
functional_degree4,7377,-5.894085695637613,2.6256590973768112
functional_degree4,7477,0.9129626224886885,0.29502097808683286
functional_degree4,7529,0.8903154795507495,0.3311865342208987
functional_degree4,7891,0.9954338469802806,0.06757331588518839
functional_degree4,7892,0.9930960589486145,0.08308995758444866
functional_degree4,8057,0.5078344114351594,0.7015451436399803
functional_degree4,11054,0.8399642710825402,0.4000446586538305
functional_degree4,11060,0.42231200183337303,0.7600578913258036
functional_degree4,11075,0.8393962057758135,0.40075403207477084
functional_degree4,11397,0.9525676550039763,0.2177896806463145
functional_degree4,11399,-1.6723225783340725,1.634724006777313
functional_degree4,11402,0.9684328147891723,0.17767156556643407
functional_degree4,11403,0.8317587329592546,0.4101722406998618
functional_degree4,11621,0.555460186514343,0.6667381896109275
functional_degree4,11812,-36.71692375762731,6.141410567420754
functional_degree4,12139,0.8351910823233004,0.40596664601503857
functional_degree4,12216,0.2721404880968996,0.853146829041227
functional_degree4,12972,-7.703315466429084,2.9501382114113035
functional_degree4,13322,-2.413874115544379,1.847667209089445
functional_degree4,13692,0.8837176098037169,0.3410020384048797
functional_degree4,13713,-739.594443267238,27.21386490866812
functional_degree4,13978,0.6786675592734959,0.5668619238637431
functional_degree4,14219,0.8885077719202065,0.3339045194060625
functional_degree4,15081,-1.6594011332605008,1.6307670383167856
functional_degree4,15402,0.8896158963502527,0.33224103245948905
functional_degree4,15433,0.5254676742742153,0.6888630674711663
functional_degree4,16161,0.8881421838908992,0.3344515153338385
functional_degree4,16609,0.9870661460714816,0.11372710287578076
functional_degree4,16611,0.9873339583509472,0.11254351002635744
functional_degree4,16792,0.8847927648988165,0.33942191311284475
functional_degree4,17209,0.8891903135639141,0.33288088926233944
functional_degree4,17710,-3.116417504881225,2.0288956367643025
functional_degree4,18305,0.33169891772100246,0.8174968393082616
functional_degree4,18306,0.12737192652353257,0.9341456382580116
functional_degree4,19090,-29.75175980377389,5.545426927097128
functional_degree4,19424,-4939.407947497764,70.28803559282166
functional_degree4,19665,-1.7500338298086238,1.6583225952174154
functional_degree4,20512,-0.5607222997915626,1.249288717547534
functional_degree4,20574,-1336.9277623715275,36.577694875039995
functional_degree4,25605,-2297.377952986876,47.94140124137879
functional_degree4,28201,-0.5012792484191313,1.2252670110711097
functional_degree4,33846,0.989959988254968,0.1001998590070465
functional_degree4,33847,0.9952137579726659,0.06918267143825907
functional_degree4,35958,0.9392177316192264,0.246540601890994
functional_degree4,43046,0.27658225958037297,0.8505396759820362
functional_degree4,44259,0.9407659421883918,0.24338047952045827
functional_degree4,45057,0.9598183166818528,0.20045369370043356
functional_degree4,45058,0.978690812345562,0.14597666818515231
functional_degree4,45060,0.9981418934194229,0.043105760410611996
functional_degree4,45065,0.9976936182480587,0.04802480350757577
functional_degree4,45663,0.8184250069168155,0.426116173224139
functional_degree4,46570,0.8363306073097332,0.4045607404213449
functional_degree4,47036,0.4302146939103576,0.7548412456203241
functional_degree4,47038,0.8907397932042127,0.3305453173103309
functional_degree4,47039,0.9651212671906914,0.18675848791770794
functional_degree4,50784,0.9533000168821915,0.21610178878900702
functional_degree4,50798,0.9688424768663895,0.1765149374234672
functional_degree4,50801,0.9285311827102001,0.26733652442156114
functional_degree4,84085,-0.5199820863384368,1.2328755356232994
raw_decoder,13,0.945792774920095,0.23282445120713827
raw_decoder,1046,0.9733135891541319,0.16335975895509924
raw_decoder,1176,0.7751963365355126,0.47413464697750934
raw_decoder,1178,0.9403873480245362,0.24415702319504118
raw_decoder,1652,0.6956756386871428,0.5516560171999008
raw_decoder,2100,0.9278369450955003,0.2686318203498977
raw_decoder,2121,0.9728944023539967,0.16463777709263216
raw_decoder,2242,0.945157455425765,0.23418485129110075
raw_decoder,2251,-311.2156063980347,17.66962383295227
raw_decoder,3882,0.9571866906871822,0.20691377265135769
raw_decoder,3883,0.9836596862193449,0.12782923679915795
raw_decoder,3888,0.9913994751732865,0.09273901458778563
raw_decoder,3967,0.5362318538760054,0.681005246766862
raw_decoder,5044,0.8294454971685232,0.41298244857557415
raw_decoder,5843,0.8218822244187183,0.42204001656392925
raw_decoder,5845,0.8477387866052744,0.3902066291014617
raw_decoder,6363,0.5787424730486811,0.649043547808095
raw_decoder,6420,0.5497975491888584,0.6709712742071314
raw_decoder,6447,0.840961893093602,0.3987958210743914
raw_decoder,7097,0.7702517374974991,0.47932062599318725
raw_decoder,7376,-9.958397995168086,3.310347110979162
raw_decoder,7377,-5.994519208131818,2.6447153359353854
raw_decoder,7477,0.9107789119819456,0.2986989923284884
raw_decoder,7529,0.8946031078426486,0.32464887518263685
raw_decoder,7891,0.9955721586882297,0.0665420266581229
raw_decoder,7892,0.9930733800053508,0.08322631792077075
raw_decoder,8057,0.5114666916351209,0.6989515779829666
raw_decoder,11054,0.8292313219493044,0.413241670273819
raw_decoder,11060,0.4166746260606161,0.7637574051617332
raw_decoder,11075,0.8358692466095459,0.4051305387038283
raw_decoder,11397,0.9468240504121622,0.23059911011935366
raw_decoder,11399,-1.832341415739008,1.6829561538373505
raw_decoder,11402,0.9666694199213346,0.18256664558090957
raw_decoder,11403,0.835218353988713,0.40593305607117913
raw_decoder,11621,0.5510496196590715,0.6700375962145174
raw_decoder,11812,-42.665078365964284,6.607955687348719
raw_decoder,12139,0.8359089001019767,0.40508159659261644
raw_decoder,12216,0.24043073565709128,0.8715327098525384
raw_decoder,12972,-7.686024444523294,2.9472062100442336
raw_decoder,13322,-1.98999595214416,1.7291604761109245
raw_decoder,13692,0.8827842198168457,0.34236790180032106
raw_decoder,13713,-730.4519529025602,27.04536841868789
raw_decoder,13978,0.6749730109776082,0.570111382996684
raw_decoder,14219,0.8844664310526807,0.33990229323633464
raw_decoder,15081,-1.8851202420516162,1.6985641707193802
raw_decoder,15402,0.8579277914999567,0.3769246721827098
raw_decoder,15433,0.4920990599412235,0.7126716916356202
raw_decoder,16161,0.872191366820952,0.3575033331020118
raw_decoder,16609,0.9882856108265159,0.10823303180399277
raw_decoder,16611,0.9854466706453208,0.12063718064792162
raw_decoder,16792,0.8811003630675802,0.3448182665295153
raw_decoder,17209,0.8613659617409105,0.37233592125806164
raw_decoder,17710,-2.9778265416434015,1.9944489318213694
raw_decoder,18305,0.3315567678397504,0.8175837768450702
raw_decoder,18306,0.11097856215232405,0.9428793336624132
raw_decoder,19090,-30.58672068855238,5.620206463160618
raw_decoder,19424,-4795.755499849386,69.25861318167861
raw_decoder,19665,-1.7593523964644793,1.6611298553889398
raw_decoder,20512,-0.4736496601265465,1.2139397267272156
raw_decoder,20574,-1401.3524561787199,37.44799669112781
raw_decoder,25605,-2275.828709087077,47.716126300099816
raw_decoder,28201,-0.5008165302887171,1.2250781731337461
raw_decoder,33846,0.9902298019895958,0.09884431197800013
raw_decoder,33847,0.9950968583530527,0.07002243673957109
raw_decoder,35958,0.9289602073681672,0.266532910973172
raw_decoder,43046,0.29305432468992865,0.8408006156694173
raw_decoder,44259,0.9414851883958778,0.2418983497341853
raw_decoder,45057,0.9614521088430672,0.1963361687436444
raw_decoder,45058,0.9796008457610424,0.14282560778431008
raw_decoder,45060,0.9980258269487475,0.04443166721216432
raw_decoder,45065,0.9976469976596762,0.04850775546573778
raw_decoder,45663,0.815022470070867,0.4300901416321152
raw_decoder,46570,0.8342780300858905,0.4070896337590894
raw_decoder,47036,0.4370908327627221,0.7502727285709363
raw_decoder,47038,0.888176731986196,0.33439986246080317
raw_decoder,47039,0.9644815839055066,0.18846330171811537
raw_decoder,50784,0.9524359603574934,0.21809181470772027
raw_decoder,50798,0.9669949986643197,0.18167278644772394
raw_decoder,50801,0.9188286448640586,0.2849058706589624
raw_decoder,84085,-0.5210849954986783,1.2333227458774438
raw_q_ridge_req,13,0.703584866949206,0.5444402015380514
raw_q_ridge_req,1046,0.11934572164541624,0.9384318187031937
raw_q_ridge_req,1176,-114.83162516893508,10.76251017044514
raw_q_ridge_req,1178,-89.58691260814919,9.517715724276973
raw_q_ridge_req,1652,-9.535081871702609,3.2457790854743345
raw_q_ridge_req,2100,-5.663683320013663,2.581411110228989
raw_q_ridge_req,2121,0.9264236818459616,0.27124954959232356
raw_q_ridge_req,2242,-0.5341273220743061,1.2385989351175408
raw_q_ridge_req,2251,-70646.6914088891,265.79633445344786
raw_q_ridge_req,3882,-1.8444813739172736,1.6865590336295
raw_q_ridge_req,3883,-0.9702698654699831,1.4036630170628501
raw_q_ridge_req,3888,0.7275165667128503,0.5219994571713171
raw_q_ridge_req,3967,-159.23915144681516,12.65856040183145
raw_q_ridge_req,5044,0.9582655199392016,0.20429018591405312
raw_q_ridge_req,5843,-84.36190101026263,9.239150448513252
raw_q_ridge_req,5845,-123.1221291292424,11.141011135854878
raw_q_ridge_req,6363,-283.5524782320283,16.868683357987024
raw_q_ridge_req,6420,0.336178107548898,0.8147526572224862
raw_q_ridge_req,6447,-16.40672138412166,4.172136309388951
raw_q_ridge_req,7097,-58.571830156469446,7.718278963374506
raw_q_ridge_req,7376,-556.3280376988517,23.607796121172594
raw_q_ridge_req,7377,-20.084255443372047,4.591759514975936
raw_q_ridge_req,7477,-27.188469147579575,5.30928141536871
raw_q_ridge_req,7529,-1.5300780026585303,1.5906218917953223
raw_q_ridge_req,7891,-1.641127731326737,1.6251546792003333
raw_q_ridge_req,7892,-1.4001749081967536,1.5492497888322443
raw_q_ridge_req,8057,-0.8356740029606566,1.354870474606579
raw_q_ridge_req,11054,-23.178332519823023,4.917146786483298
raw_q_ridge_req,11060,-32.72931995776935,5.807694891931682
raw_q_ridge_req,11075,-147.07408913084575,12.168569724123115
raw_q_ridge_req,11397,-54.93533315806768,7.478992790347352
raw_q_ridge_req,11399,-77.30536830507867,8.849032054698338
raw_q_ridge_req,11402,-103.83284340103154,10.238791110332878
raw_q_ridge_req,11403,-23.40561737752496,4.94020418378886
raw_q_ridge_req,11621,-9.993971161115407,3.3157157841279776
raw_q_ridge_req,11812,-7198.471803834672,84.84970125954877
raw_q_ridge_req,12139,0.8992807304288494,0.31736299338635976
raw_q_ridge_req,12216,-387.2905629080507,19.705089771631354
raw_q_ridge_req,12972,-2423.290934142521,49.23708900963299
raw_q_ridge_req,13322,-2831.787758217785,53.22393970966246
raw_q_ridge_req,13692,-1.3990980403898017,1.548902204914759
raw_q_ridge_req,13713,-2494.9426587854905,49.95941011246521
raw_q_ridge_req,13978,-1.1124198374501875,1.4534166083577644
raw_q_ridge_req,14219,-15.382094585694851,4.047480029066833
raw_q_ridge_req,15081,-873.9016014956142,29.57873563044259
raw_q_ridge_req,15402,-0.5947843421112677,1.262847711369533
raw_q_ridge_req,15433,-69.7408530861002,8.41075817546196
raw_q_ridge_req,16161,-36.799529386000685,6.148132186770279
raw_q_ridge_req,16609,-10.778036939393274,3.431914471456606
raw_q_ridge_req,16611,-14.478170070937752,3.934230556403342
raw_q_ridge_req,16792,-3.118125960151728,2.029316623928294
raw_q_ridge_req,17209,-3.8918218200919137,2.2117463281515612
raw_q_ridge_req,17710,-10208.853337000255,101.04381889556755
raw_q_ridge_req,18305,-9.119534560219744,3.181121588405534
raw_q_ridge_req,18306,-2.0732942894148394,1.753081369878432
raw_q_ridge_req,19090,-908.41692603183,30.15654035249783
raw_q_ridge_req,19424,-2468.8040078982635,49.6971227325915
raw_q_ridge_req,19665,-54.44612902882396,7.446215752234417
raw_q_ridge_req,20512,-262.64353341426107,16.23710360299093
raw_q_ridge_req,20574,-195441.44879988677,442.0887340793551
raw_q_ridge_req,25605,-99080.96343882101,314.7728759579214
raw_q_ridge_req,28201,-5.094805724720394,2.4687660328027023
raw_q_ridge_req,33846,0.5435240475173182,0.675630041133964
raw_q_ridge_req,33847,0.20225462955932838,0.8931659254811906
raw_q_ridge_req,35958,-7.852497977187021,2.975314769429786
raw_q_ridge_req,43046,-0.7330006992236946,1.316434844275893
raw_q_ridge_req,44259,-1.0060469139474093,1.4163498557727214
raw_q_ridge_req,45057,-0.4225748424872904,1.1927174193778214
raw_q_ridge_req,45058,0.5461566042889959,0.6736790004972726
raw_q_ridge_req,45060,0.28569289443636703,0.8451669098844519
raw_q_ridge_req,45065,-0.1794613157042313,1.0860300712706952
raw_q_ridge_req,45663,-117.01379710333946,10.863415535794415
raw_q_ridge_req,46570,-32.786444313703825,5.8126108001227665
raw_q_ridge_req,47036,-79.39670359050545,8.966420890773835
raw_q_ridge_req,47038,-24.060452591257306,5.006041609021773
raw_q_ridge_req,47039,-84.84118072228848,9.265051576882263
raw_q_ridge_req,50784,-0.6171582570956773,1.2716753741012983
raw_q_ridge_req,50798,-123.58990442352898,11.161984788716074
raw_q_ridge_req,50801,-22.159664202625645,4.812448877923344
raw_q_ridge_req,84085,-13.22817869435587,3.7720258077531588
structure_req,13,0.9709308737247132,0.17049670458776267
structure_req,1046,0.9992230715572487,0.02787343614898169
structure_req,1176,0.9981646945207127,0.04284046544200196
structure_req,1178,0.9982107433555178,0.04229960572490159
structure_req,1652,0.7462018152492637,0.503783867100502
structure_req,2100,0.9990154300363271,0.031377857856663194
structure_req,2121,0.9946718529073241,0.07299415793524791
structure_req,2242,0.9979229154192812,0.04557504339788077
structure_req,2251,0.9212205238999295,0.28067681788860027
structure_req,3882,0.9928497178711386,0.08455934087291217
structure_req,3883,0.9983270329555931,0.04090191981321805
structure_req,3888,0.9984960030823561,0.038781399119215625
structure_req,3967,0.9989261753904738,0.03276926318253473
structure_req,5044,0.9709287844127972,0.1705028316105125
structure_req,5843,0.9868081742353595,0.11485567362843051
structure_req,5845,0.9921552219941627,0.08857075141285242
structure_req,6363,0.9948351942524998,0.07186658296802646
structure_req,6420,0.6118537129571029,0.6230138738767358
structure_req,6447,0.9958493407396197,0.06442561028333552
structure_req,7097,0.9989012500433562,0.033147397433944015
structure_req,7376,0.9803591513759107,0.14014581201052467
structure_req,7377,0.9995470560975537,0.02128247876649571
structure_req,7477,0.979661363615792,0.14261359116230124
structure_req,7529,0.9570262785472795,0.20730104064553204
structure_req,7891,0.9553824241698762,0.2112287287045109
structure_req,7892,0.9480766468068353,0.2278669638038052
structure_req,8057,0.9690084690427245,0.17604411650854884
structure_req,11054,0.9968151302707347,0.056434650076573556
structure_req,11060,0.994497862603147,0.07417639379784498
structure_req,11075,0.9861091331568181,0.11785952164836662
structure_req,11397,0.9904277335038364,0.0978379604047614
structure_req,11399,0.8902871842149076,0.3312292495917177
structure_req,11402,0.9927468734954144,0.08516528931780647
structure_req,11403,0.9994260208084849,0.023957862832798545
structure_req,11621,0.9939588282758686,0.07772497490595542
structure_req,11812,0.8515383827925511,0.38530717253569113
structure_req,12139,0.9982295420314401,0.04207681034203846
structure_req,12216,0.9957981348608649,0.0648217952477029
structure_req,12972,0.9770717934807222,0.1514206277865662
structure_req,13322,0.9745169263422115,0.15963418699573256
structure_req,13692,0.9947328470588387,0.07257515374535117
structure_req,13713,0.39131597469100476,0.7801820462616371
structure_req,13978,0.6899724677290023,0.5568011604432929
structure_req,14219,0.9762609847707413,0.15407470664991932
structure_req,15081,0.9989707771389422,0.0320815034101853
structure_req,15402,0.9989257290006416,0.032776073580562885
structure_req,15433,0.963555513454471,0.1909043911111765
structure_req,16161,0.9798329354541706,0.14201079024436636
structure_req,16609,0.9921547006498671,0.08857369445909354
structure_req,16611,0.9940626841579779,0.07705398005309026
structure_req,16792,0.9966358648784219,0.05800116482949343
structure_req,17209,0.9830312244746324,0.13026425267650205
structure_req,17710,0.5473765251163583,0.6727729742518213
structure_req,18305,0.9941658292159605,0.07638174378763195
structure_req,18306,0.9926559464758792,0.08569745342844717
structure_req,19090,0.9626031651870031,0.19338261248880903
structure_req,19424,0.8170848904494163,0.4276857602850295
structure_req,19665,0.45917027653081033,0.7354112614511622
structure_req,20512,0.9719217564083523,0.16756563965099666
structure_req,20574,0.9975571429329576,0.04942526749591127
structure_req,25605,0.9033625975480688,0.3108655697434683
structure_req,28201,0.31071217129067286,0.8302335988800545
structure_req,33846,0.992930754408331,0.08407880584112142
structure_req,33847,0.9876219296506572,0.11125677664458354
structure_req,35958,0.9794267001041086,0.1434339565650039
structure_req,43046,0.550638224114286,0.670344520292151
structure_req,44259,0.9898102052776029,0.10094451308712701
structure_req,45057,0.9584030992823528,0.2039531826612352
structure_req,45058,0.9604111265864487,0.1989695288569366
structure_req,45060,0.9809228615413204,0.1381200146925839
structure_req,45065,0.9794416509719448,0.14338182949054326
structure_req,45663,0.9894767772215691,0.10258276062980001
structure_req,46570,0.9924646614521258,0.08680632781009814
structure_req,47036,0.9753201530684578,0.15709820791957552
structure_req,47038,0.9776447435795091,0.14951674294369452
structure_req,47039,0.9834244577582557,0.12874603777104884
structure_req,50784,0.9834145097937456,0.128784666036972
structure_req,50798,0.9834488902509765,0.1286511163924493
structure_req,50801,0.9823861763862912,0.1327170810924832
structure_req,84085,0.7606565613109321,0.48922738955323014
