family,support_regime,method,pooled_r2,pooled_nrmse,median_entity_nrmse
polynomial,four_support,direct_target_omp_lambda_0.0,0.999943737212323,0.007500852463356513,0.01093300990161231
polynomial,four_support,fpca,0.9999566301697382,0.0065855774433043945,0.009476550607472144
polynomial,four_support,gird_adam_lambda_0.0,0.9999488052062065,0.00715505372401218,0.010420956854818116
polynomial,four_support,gird_adam_lambda_inf,0.9997322096513441,0.016364301043914124,0.02207647105487686
polynomial,four_support,gird_adam_selected,0.9999488052062065,0.00715505372401218,0.010420956854818116
polynomial,four_support,gird_gn_lambda_0.0,0.9999488052062065,0.00715505372401218,0.010420956854818116
polynomial,four_support,gird_gn_lambda_inf,0.9997322095191888,0.016364305081828106,0.02207645083262416
polynomial,four_support,gird_gn_selected,0.9999488052062065,0.00715505372401218,0.010420956854818116
polynomial,four_support,global_no_q,-0.016546738959160923,1.008239425414004,1.3201590176704878
polynomial,four_support,ordinary_symbolic_regression,0.9993321454379981,0.02584288223093367,0.024776866874810066
polynomial,four_support,raw_q,0.9986574832650555,0.03664037028940121,0.043214728063269536
polynomial,four_support,support_only_omp_lambda_0.0,0.9999488052062065,0.00715505372401218,0.010420956854818116
polynomial,four_support,true_basis_lambda_0.0,0.99995800792826,0.006480128991003946,0.009357242099077748
polynomial,four_support,true_basis_lambda_0.1,0.9999606373881325,0.006273963011327927,0.00904894650491411
polynomial,four_support,true_basis_lambda_inf,0.9999422125616027,0.007601804943388444,0.010760941282267358
polynomial,standard_11,direct_target_omp_lambda_0.0,0.9999673671287271,0.005712518820351566,0.008403299371806495
polynomial,standard_11,fpca,0.9999676287247163,0.005689576019678955,0.008280786559803414
polynomial,standard_11,gird_adam_lambda_0.0,0.9999670082043004,0.005743848509459296,0.008482832243622729
polynomial,standard_11,gird_adam_lambda_0.1,0.9999650146041099,0.005914845381752576,0.008288738877760542
polynomial,standard_11,gird_adam_lambda_inf,0.9997461004447971,0.015934225905358243,0.021759765987590517
polynomial,standard_11,gird_adam_selected,0.9999670082043004,0.005743848509459296,0.008482832243622729
polynomial,standard_11,gird_gn_lambda_0.0,0.9999670082043004,0.005743848509459296,0.008482832243622729
polynomial,standard_11,gird_gn_lambda_0.1,0.9999650146093595,0.005914844937997449,0.008288739159343944
polynomial,standard_11,gird_gn_lambda_inf,0.9997461004459849,0.015934225868084788,0.021759788203532422
polynomial,standard_11,gird_gn_selected,0.9999670082043004,0.005743848509459296,0.008482832243622729
polynomial,standard_11,global_no_q,-0.01653270067829249,1.0082324636105964,1.3147972299663242
polynomial,standard_11,ordinary_symbolic_regression,0.9999638762991768,0.006010299561851579,0.009509490616862683
polynomial,standard_11,raw_q,0.9986476824407451,0.03677387060474956,0.04268993449364282
polynomial,standard_11,support_only_omp_lambda_0.0,0.9999670082043004,0.005743848509459296,0.008482832243622729
polynomial,standard_11,true_basis_lambda_0.0,0.9999701854616386,0.005460269074085267,0.007936326279793519
polynomial,standard_11,true_basis_lambda_inf,0.9999392728189939,0.007792764657431011,0.01116095890366962
relaxation,four_support,direct_target_omp_lambda_0.0,0.9997765544729587,0.014948094428432498,0.0392454104848793
relaxation,four_support,fpca,0.9999424174121996,0.007588319168329298,0.023787506713268222
relaxation,four_support,gird_adam_lambda_0.0,0.9992479302140506,0.027423890787949753,0.052770865153050336
relaxation,four_support,gird_adam_lambda_0.01,0.9997073252211728,0.017107740319141192,0.04972428153318603
relaxation,four_support,gird_adam_lambda_1.0,0.9997045932845247,0.01718739990444581,0.03769839880962432
relaxation,four_support,gird_adam_lambda_inf,0.9995063006670639,0.0222193459160279,0.058940079062667364
relaxation,four_support,gird_adam_selected,0.9998204925491347,0.013398039067909942,0.03461736276231242
relaxation,four_support,gird_gn_lambda_0.0,0.9992479302140506,0.027423890787949753,0.052770865153050336
relaxation,four_support,gird_gn_lambda_0.0001,0.9997038499132269,0.017209011789555653,0.04909195630219568
relaxation,four_support,gird_gn_lambda_1.0,0.9997048488977757,0.0171799622300016,0.03757050312130014
relaxation,four_support,gird_gn_lambda_inf,0.9994961499151661,0.022446605196196807,0.05873039201230744
relaxation,four_support,gird_gn_selected,0.9998266322808808,0.013166917601292146,0.03435461077597177
relaxation,four_support,global_no_q,-0.19077673134080686,1.0912271676148861,2.3501212176266293
relaxation,four_support,ordinary_symbolic_regression,0.9949973320385209,0.07072954093926408,0.13887437887286883
relaxation,four_support,raw_q,0.9979977670864781,0.04474631731798507,0.10450072434801981
relaxation,four_support,support_only_omp_lambda_0.0,0.9992479302140506,0.027423890787949753,0.052770865153050336
relaxation,four_support,true_basis_lambda_0.0,0.9999437294838943,0.007501367615688199,0.02353081760692207
relaxation,four_support,true_basis_lambda_inf,0.9998261729229926,0.013184349699831234,0.03685908609039691
relaxation,standard_11,direct_target_omp_lambda_0.0,0.9999493878042759,0.00711422488568278,0.022762628348914547
relaxation,standard_11,fpca,0.9999565810267006,0.00658930749771462,0.022311849224241308
relaxation,standard_11,gird_adam_lambda_0.0,0.9999457595236599,0.00736481339478533,0.02414411869059291
relaxation,standard_11,gird_adam_lambda_0.1,0.9999279081326297,0.008490692985280377,0.025137038520158
relaxation,standard_11,gird_adam_lambda_inf,0.9994693409929876,0.023036037137763046,0.06065628439636328
relaxation,standard_11,gird_adam_selected,0.9999461983928299,0.007334957884682044,0.024382738127124173
relaxation,standard_11,gird_gn_lambda_0.0,0.9999457595236599,0.00736481339478533,0.02414411869059291
relaxation,standard_11,gird_gn_lambda_0.1,0.9999255896314668,0.008626144476714994,0.025137006624317795
relaxation,standard_11,gird_gn_lambda_inf,0.9994532705023161,0.023382247490006346,0.061052689314358394
relaxation,standard_11,gird_gn_selected,0.9999459335112864,0.007352991820589028,0.024381464203958748
relaxation,standard_11,global_no_q,-0.1885934156824356,1.0902263139745048,2.278347741321671
relaxation,standard_11,ordinary_symbolic_regression,0.9999236555811563,0.008737529332925868,0.03148372986922994
relaxation,standard_11,raw_q,0.997897808469432,0.04584966227321667,0.10268600576017989
relaxation,standard_11,support_only_omp_lambda_0.0,0.9999457595236599,0.00736481339478533,0.02414411869059291
relaxation,standard_11,true_basis_lambda_0.0,0.9999580993721954,0.006473069426838373,0.020759268698317727
relaxation,standard_11,true_basis_lambda_0.1,0.9999575485253607,0.006515479616980489,0.021151244571130955
relaxation,standard_11,true_basis_lambda_1.0,0.9999491848206888,0.007128476647305072,0.02137425070128665
relaxation,standard_11,true_basis_lambda_inf,0.9998066804216298,0.01390394110927447,0.03734815501920309
thermodynamic_chart,four_support,direct_target_omp_lambda_0.0,0.9999600096979092,0.006323788586819786,0.01968887053724242
thermodynamic_chart,four_support,fpca,0.9999677778983357,0.0056764515028551,0.018050039400307933
thermodynamic_chart,four_support,gird_adam_lambda_0.0,0.9999614336892092,0.006210177999925193,0.01923969203426127
thermodynamic_chart,four_support,gird_adam_lambda_inf,0.9997537713943924,0.015691673129643695,0.04780060849861516
thermodynamic_chart,four_support,gird_adam_selected,0.9999614336892092,0.006210177999925193,0.01923969203426127
thermodynamic_chart,four_support,gird_gn_lambda_0.0,0.9999614336892092,0.006210177999925193,0.01923969203426127
thermodynamic_chart,four_support,gird_gn_lambda_inf,0.9999202495647396,0.0089303099196194,0.020792606525205
thermodynamic_chart,four_support,gird_gn_selected,0.9999614336892092,0.006210177999925193,0.01923969203426127
thermodynamic_chart,four_support,global_no_q,-0.11181086383084571,1.0544244230056725,2.702054988324001
thermodynamic_chart,four_support,ordinary_symbolic_regression,0.9999585152767715,0.006440863546797284,0.019999487473746323
thermodynamic_chart,four_support,raw_q,0.9944592662030866,0.07443610546578464,0.09011026433700349
thermodynamic_chart,four_support,support_only_omp_lambda_0.0,0.9999614336892092,0.006210177999925193,0.01923969203426127
thermodynamic_chart,four_support,true_basis_lambda_0.0,0.9999691412868288,0.005555061941260601,0.01793445198254673
thermodynamic_chart,four_support,true_basis_lambda_inf,0.9999554467207289,0.006674824287658884,0.01780847512863251
thermodynamic_chart,standard_11,direct_target_omp_lambda_0.0,0.9999729894765124,0.005197164947126499,0.015660283600182172
thermodynamic_chart,standard_11,fpca,0.9999747117612241,0.005028741271520226,0.014879401891918671
thermodynamic_chart,standard_11,gird_adam_lambda_0.0,0.9999729723439348,0.005198812947706954,0.015669767570003258
thermodynamic_chart,standard_11,gird_adam_lambda_0.1,0.999971021972982,0.005383124280379159,0.016287453867061184
thermodynamic_chart,standard_11,gird_adam_lambda_inf,0.9997447556091653,0.015976369763956482,0.04671841072560306
thermodynamic_chart,standard_11,gird_adam_selected,0.999971021972982,0.005383124280379159,0.016287453867061184
thermodynamic_chart,standard_11,gird_gn_lambda_0.0,0.9999729723439348,0.005198812947706954,0.015669767570003258
thermodynamic_chart,standard_11,gird_gn_lambda_0.01,0.9999728432173889,0.005211216999047138,0.015677769434963115
thermodynamic_chart,standard_11,gird_gn_lambda_0.1,0.9999727677545931,0.0052184523957736146,0.015739876202556808
thermodynamic_chart,standard_11,gird_gn_lambda_1.0,0.9999560846562596,0.006626865302718545,0.016967241715980845
thermodynamic_chart,standard_11,gird_gn_lambda_inf,0.9999198739291688,0.008951316709358193,0.02093586754417362
thermodynamic_chart,standard_11,gird_gn_selected,0.9999729511515073,0.005200850747014126,0.015618208504329361
thermodynamic_chart,standard_11,global_no_q,-0.11150915806365536,1.054281346730395,2.674144739950812
thermodynamic_chart,standard_11,ordinary_symbolic_regression,0.9999726019813606,0.005234311668150736,0.015868900023946392
thermodynamic_chart,standard_11,raw_q,0.9944891358920553,0.07423519453698949,0.0909828209644589
thermodynamic_chart,standard_11,support_only_omp_lambda_0.0,0.9999729723439348,0.005198812947706954,0.015669767570003258
thermodynamic_chart,standard_11,true_basis_lambda_0.0,0.9999759115079667,0.004908002855879916,0.014788451677119726
thermodynamic_chart,standard_11,true_basis_lambda_1.0,0.9999718059143409,0.005309810322329133,0.01661708102983276
thermodynamic_chart,standard_11,true_basis_lambda_inf,0.9999526932260898,0.006877991996952583,0.017294864730224263
