dataset,seed,method,regime,reference_nrmse_meta_fit,reference_nrmse_structure_validation,complexity,max_abs_validation_z,max_abs_validation_prediction,catastrophic_nrmse_gt_10,catastrophic_nrmse_gt_100,expression,uses_discharge_and_functional,functional_slope_modulation,slope_modulating_coordinates,uses_exp,uses_division,uses_square_or_power,max_abs_z__discharge_index,max_abs_z__ambient_temperature,max_abs_z__load_current_amp,max_abs_z__cutoff_voltage,max_abs_z__support_y_mean,max_abs_z__support_y_std,max_abs_z__support_y_min,max_abs_z__support_y_max,max_abs_z__support_y_count,max_abs_z__capacity_cycle1,max_abs_z__early_fade_rate,max_abs_z__q1,max_abs_z__q2,max_abs_z__q3,max_abs_z__q4
nasa_battery_capacity_reviewer_clean_inner0,0,baseline,condition_only,0.4800095389132893,0.8759011047860704,16,2.233022624405563,1.7735363915655435,False,False,(-cutoff_voltage + cutoff_voltage - discharge_index)*0.78588796 + exp(cutoff_voltage*(cutoff_voltage + load_current_amp))*(-0.03789631),False,False,,True,False,False,2.0262862935825163,2.233022624405563,1.7072044732265275,1.7252013132614126,,,,,,,,,,,
nasa_battery_capacity_reviewer_clean_inner0,0,baseline,condition_support_stats,0.476036662087632,0.8077114305314306,15,4.576681484425463,1.7665820670830124,False,False,-discharge_index/1.5338585 + discharge_index*(-0.2334368)/((-(load_current_amp + support_y_mean) - 2.0857716)/(-1.3924156)),False,False,,False,True,False,2.0262862935825163,2.233022624405563,1.7072044732265275,1.7252013132614126,4.458957111447552,4.576681484425463,2.540737772460746,1.5632823269479008,1.8493656811814168,,,,,,
nasa_battery_capacity_reviewer_clean_inner0,0,joint_continuity_step1,condition_functional_q,0.5596157613819238,0.7519704396612865,3,2.233022624405563,1.764815661043819,False,False,discharge_index*(-0.7414324),False,False,,False,False,False,2.0262862935825163,2.233022624405563,1.7072044732265275,1.7252013132614126,,,,,,1.9163773985014214,0.33666832353617426,,,,
nasa_battery_capacity_reviewer_clean_inner0,0,joint_continuity_step1,condition_raw_q,0.4478338402856174,0.8048820095956989,12,12.693712871270257,1.8251084157536224,False,False,(-discharge_index + q3*(-0.4644337)*exp(cutoff_voltage*load_current_amp))*0.7293024,False,False,,True,False,False,2.0262862935825163,2.233022624405563,1.7072044732265275,1.7252013132614126,,,,,,,,6.118153916114469,4.265965795051233,5.428264003397083,12.693712871270257
nasa_battery_capacity_reviewer_clean_inner0,0,joint_mse_step1,condition_functional_q,0.43563047305389346,0.4820888738698681,17,4.599216686503999,1.942569026960374,False,False,early_fade_rate*(-0.73643696)/(0.33638287 - (-cutoff_voltage + load_current_amp + load_current_amp)) + (0.1064213 - discharge_index)/1.3348857,True,False,,False,True,False,2.0262862935825163,2.233022624405563,1.7072044732265275,1.7252013132614126,,,,,,2.4884461396390134,4.599216686503999,,,,
nasa_battery_capacity_reviewer_clean_inner0,0,joint_mse_step1,condition_raw_q,0.5596157613983396,0.751969332923142,3,7.314549186138156,1.764814788677613,False,False,discharge_index*(-0.7414298),False,False,,False,False,False,2.0262862935825163,2.233022624405563,1.7072044732265275,1.7252013132614126,,,,,,,,7.314549186138156,3.107320474909653,2.1235684046523433,6.564158134521182
nasa_battery_capacity_reviewer_clean_inner0,1,baseline,condition_only,0.433148029373231,0.9620433365533868,19,2.233022624405563,1.860702109435218,False,False,-discharge_index + (-exp(cutoff_voltage*(ambient_temperature + load_current_amp)) - 1.1237481*exp(discharge_index)*4.12311/cutoff_voltage)*0.017214924,False,False,,True,True,False,2.0262862935825163,2.233022624405563,1.7072044732265275,1.7252013132614126,,,,,,,,,,,
nasa_battery_capacity_reviewer_clean_inner0,1,baseline,condition_support_stats,0.4903845370526637,1.0331821516413326,9,4.576681484425463,2.2514746068160587,False,False,discharge_index*(-1.1205833)/(load_current_amp*support_y_max + 2.108885),False,False,,False,True,False,2.0262862935825163,2.233022624405563,1.7072044732265275,1.7252013132614126,4.458957111447552,4.576681484425463,2.540737772460746,1.5632823269479008,1.8493656811814168,,,,,,
nasa_battery_capacity_reviewer_clean_inner0,1,joint_continuity_step1,condition_functional_q,0.44572350091768687,1.5351687719826825,18,3.876497033202102,1.7919034775443807,False,False,(0.21507572 - discharge_index)*0.7878825 - 0.16344582*(-cutoff_voltage*(-cutoff_voltage/(-1.1089025) + load_current_amp) + early_fade_rate)**2,True,False,,False,True,True,2.0262862935825163,2.233022624405563,1.7072044732265275,1.7252013132614126,,,,,,3.876497033202102,3.77059783887787,,,,
nasa_battery_capacity_reviewer_clean_inner0,1,joint_continuity_step1,condition_raw_q,0.5084417931805755,0.990958429689449,10,18.126420338810718,2.135883051932943,False,False,(load_current_amp + q2)**2*ambient_temperature*(-0.18658148) - discharge_index,False,False,,False,False,True,2.0262862935825163,2.233022624405563,1.7072044732265275,1.7252013132614126,,,,,,,,4.406859003549301,4.4630588281433985,7.0575665002239,18.126420338810718
nasa_battery_capacity_reviewer_clean_inner0,1,joint_mse_step1,condition_functional_q,0.44550925148765563,0.87670203505518,16,2.233022624405563,1.769380480127377,False,False,(cutoff_voltage*(-0.31620657)/(cutoff_voltage - load_current_amp/exp(load_current_amp) - 1*1.2431828) - discharge_index)*0.7767084,False,False,,True,True,False,2.0262862935825163,2.233022624405563,1.7072044732265275,1.7252013132614126,,,,,,1.9938887794573286,1.8159933494179639,,,,
nasa_battery_capacity_reviewer_clean_inner0,1,joint_mse_step1,condition_raw_q,0.4261486521158232,0.4003118379589532,21,11.881717054950794,1.9373096672906784,False,False,-15.568364*discharge_index/(exp(exp(cutoff_voltage*load_current_amp*0.69571185))/(-1.9552847) - 1*(-23.451973)) + q2*(-0.410295)/1.5335463,False,False,,True,True,False,2.0262862935825163,2.233022624405563,1.7072044732265275,1.7252013132614126,,,,,,,,11.881717054950794,5.993689177025584,1.8243161543910846,3.923496310034931
nasa_battery_capacity_reviewer_clean_inner0,2,baseline,condition_only,0.5596157613819238,0.7519704396612865,3,2.233022624405563,1.764815661043819,False,False,discharge_index*(-0.7414324),False,False,,False,False,False,2.0262862935825163,2.233022624405563,1.7072044732265275,1.7252013132614126,,,,,,,,,,,
nasa_battery_capacity_reviewer_clean_inner0,2,baseline,condition_support_stats,0.4771400429481994,0.7889569871753696,16,4.576681484425463,1.7695581646765604,False,False,(-discharge_index + exp(exp(cutoff_voltage) + exp(load_current_amp + 0.5974752) + 1.9716429)/(-82954.36))*0.7820829,False,False,,True,True,False,2.0262862935825163,2.233022624405563,1.7072044732265275,1.7252013132614126,4.458957111447552,4.576681484425463,2.540737772460746,1.5632823269479008,1.8493656811814168,,,,,,
nasa_battery_capacity_reviewer_clean_inner0,2,joint_continuity_step1,condition_functional_q,0.412823255141141,1.9349425990398104,23,4.961497969129214,3.4566573287136704,False,False,discharge_index*(-0.80187094 + 0.5101937/(load_current_amp + 0.20643932/(ambient_temperature/load_current_amp + load_current_amp) + capacity_cycle1/ambient_temperature)) - 0.11866518/cutoff_voltage,True,True,capacity_cycle1,False,True,False,2.0262862935825163,2.233022624405563,1.7072044732265275,1.7252013132614126,,,,,,4.961497969129214,2.9447776455273393,,,,
nasa_battery_capacity_reviewer_clean_inner0,2,joint_continuity_step1,condition_raw_q,0.48294747600780935,2589.160806187217,10,24.480114026313082,2354.218906490489,True,True,discharge_index*(-0.76069236) + exp(load_current_amp*q2)*(-0.090702236),False,False,,True,False,False,2.0262862935825163,2.233022624405563,1.7072044732265275,1.7252013132614126,,,,,,,,24.480114026313082,6.877559669776156,5.806298060192754,10.0051267376199
nasa_battery_capacity_reviewer_clean_inner0,2,joint_mse_step1,condition_functional_q,0.4601366925803483,0.7906492749156484,15,4.168319920659056,1.8715155155571797,False,False,(capacity_cycle1/(cutoff_voltage*(0.7102257 - load_current_amp)*3.4060075 - 1*(-2.6948266)) - discharge_index)*0.70125335,True,False,,False,True,False,2.0262862935825163,2.233022624405563,1.7072044732265275,1.7252013132614126,,,,,,4.168319920659056,3.872291766023559,,,,
nasa_battery_capacity_reviewer_clean_inner0,2,joint_mse_step1,condition_raw_q,0.4502261404887714,2265.368096749176,14,9.356386708024763,2306.433461115328,True,True,discharge_index*(-0.8007425) + q4*exp(cutoff_voltage + load_current_amp + q2)*(-0.12540217),False,False,,True,False,False,2.0262862935825163,2.233022624405563,1.7072044732265275,1.7252013132614126,,,,,,,,7.062060025734026,9.356386708024763,6.284113141787051,3.2109432996096485
nasa_battery_capacity_reviewer_clean_inner0,3,baseline,condition_only,0.559615761380483,0.7519735215270407,3,2.233022624405563,1.764818090248177,False,False,discharge_index*(-0.74143964),False,False,,False,False,False,2.0262862935825163,2.233022624405563,1.7072044732265275,1.7252013132614126,,,,,,,,,,,
nasa_battery_capacity_reviewer_clean_inner0,3,baseline,condition_support_stats,0.5596157613819238,0.7519704396612865,3,4.576681484425463,1.764815661043819,False,False,discharge_index*(-0.7414324),False,False,,False,False,False,2.0262862935825163,2.233022624405563,1.7072044732265275,1.7252013132614126,4.458957111447552,4.576681484425463,2.540737772460746,1.5632823269479008,1.8493656811814168,,,,,,
nasa_battery_capacity_reviewer_clean_inner0,3,joint_continuity_step1,condition_functional_q,0.47655878725538664,0.7587277912308354,13,2.9053999610709953,1.794860969188296,False,False,(-discharge_index + 0.1469511/(load_current_amp/((ambient_temperature*capacity_cycle1)) + 0.1469511))/1.348803,True,False,,False,True,False,2.0262862935825163,2.233022624405563,1.7072044732265275,1.7252013132614126,,,,,,2.366170654105497,2.9053999610709953,,,,
nasa_battery_capacity_reviewer_clean_inner0,3,joint_continuity_step1,condition_raw_q,0.5596157613999504,0.7519692477896406,3,23.23149643591487,1.7648147215725205,False,False,discharge_index*(-0.7414296),False,False,,False,False,False,2.0262862935825163,2.233022624405563,1.7072044732265275,1.7252013132614126,,,,,,,,6.135882723241951,3.9355547826669914,9.398569898037682,23.23149643591487
nasa_battery_capacity_reviewer_clean_inner0,3,joint_mse_step1,condition_functional_q,0.41265623677982555,1.1814057376249538,17,2.5221654100168363,3.392721465890438,False,False,(-discharge_index + (early_fade_rate + 0.6629675)*(load_current_amp**2*exp(2*cutoff_voltage/load_current_amp))*(-1.4966046))*0.75947,True,False,,True,True,True,2.0262862935825163,2.233022624405563,1.7072044732265275,1.7252013132614126,,,,,,2.5221654100168363,2.3913171439024445,,,,
nasa_battery_capacity_reviewer_clean_inner0,3,joint_mse_step1,condition_raw_q,0.5596157749882638,0.7520350645934537,3,6.330065007771525,1.7648665938092205,False,False,discharge_index*(-0.7415842),False,False,,False,False,False,2.0262862935825163,2.233022624405563,1.7072044732265275,1.7252013132614126,,,,,,,,3.7442574406045726,6.330065007771525,4.713438038315838,3.36993504214644
nasa_battery_capacity_reviewer_clean_inner0,4,baseline,condition_only,0.42905251324868354,0.8132563545426759,23,2.233022624405563,1.7979194837067043,False,False,-0.7951549*discharge_index + (exp(ambient_temperature*ambient_temperature*cutoff_voltage*load_current_amp) - 8.9680805)/((cutoff_voltage*exp(load_current_amp)*ambient_temperature*(-281.26105))),False,False,,True,True,False,2.0262862935825163,2.233022624405563,1.7072044732265275,1.7252013132614126,,,,,,,,,,,
nasa_battery_capacity_reviewer_clean_inner0,4,baseline,condition_support_stats,0.44910515805522827,0.8497758991966164,12,4.576681484425463,1.8260023791637017,False,False,(discharge_index + discharge_index + support_y_std*exp(cutoff_voltage/load_current_amp))/(-2.481402),False,False,,True,True,False,2.0262862935825163,2.233022624405563,1.7072044732265275,1.7252013132614126,4.458957111447552,4.576681484425463,2.540737772460746,1.5632823269479008,1.8493656811814168,,,,,,
nasa_battery_capacity_reviewer_clean_inner0,4,joint_continuity_step1,condition_functional_q,0.5596157613819238,0.7519704396612865,3,3.7677589730698373,1.764815661043819,False,False,discharge_index*(-0.7414324),False,False,,False,False,False,2.0262862935825163,2.233022624405563,1.7072044732265275,1.7252013132614126,,,,,,3.7677589730698373,3.132443275303772,,,,
nasa_battery_capacity_reviewer_clean_inner0,4,joint_continuity_step1,condition_raw_q,0.4480020414730152,12.136889669803322,16,13.84890670115,9.295076557793816,True,False,-0.7469767*discharge_index - 0.17884389/(cutoff_voltage**2 - sqrt((cutoff_voltage + load_current_amp)**2) - 0.077481866),False,False,,False,True,True,2.0262862935825163,2.233022624405563,1.7072044732265275,1.7252013132614126,,,,,,,,7.11901940581095,13.84890670115,2.0774574697441444,5.2051981146723145
nasa_battery_capacity_reviewer_clean_inner0,4,joint_mse_step1,condition_functional_q,0.44507526853557944,0.873798796120987,13,2.4285602454052833,1.7730565298556753,False,False,cutoff_voltage*(-0.3768102)/(cutoff_voltage + load_current_amp*(-1.324958)) - 0.7132582*discharge_index,False,False,,False,True,False,2.0262862935825163,2.233022624405563,1.7072044732265275,1.7252013132614126,,,,,,1.6079048891138203,2.4285602454052833,,,,
nasa_battery_capacity_reviewer_clean_inner0,4,joint_mse_step1,condition_raw_q,0.559615761373053,0.7519720997776447,3,8.25585726453273,1.764816969593128,False,False,discharge_index*(-0.7414363),False,False,,False,False,False,2.0262862935825163,2.233022624405563,1.7072044732265275,1.7252013132614126,,,,,,,,5.39247046500287,7.3323133422171605,8.25585726453273,2.079274963123556
nasa_battery_capacity_reviewer_clean_inner1,0,baseline,condition_only,0.4962121835761333,0.9849712445085447,3,2.24104872604023,1.7514854441231558,False,False,discharge_index*(-0.61981267),False,False,,False,False,False,2.016716569428061,2.24104872604023,1.9653316238688188,1.697149622699385,,,,,,,,,,,
nasa_battery_capacity_reviewer_clean_inner1,0,baseline,condition_support_stats,0.26944536946904446,1.1460545247564646,14,2.7647649497768643,1.9540858010311275,False,False,(discharge_index*(-1.4854003) - 1*1.4722699)/exp(ambient_temperature + support_y_max + 1.0416533) - 1*(-0.6896283),False,False,,True,True,False,2.016716569428061,2.24104872604023,1.9653316238688188,1.697149622699385,2.7647649497768643,2.257296893596793,1.571880419529974,2.2705489492281985,1.8392741765926457,,,,,,
nasa_battery_capacity_reviewer_clean_inner1,0,joint_continuity_step1,condition_functional_q,0.2649762227532307,1.854924966400057,19,7.67783310196431,2.1220930944487364,False,False,((cutoff_voltage*ambient_temperature*(-0.79123044) + 0.3622627)*capacity_cycle1*1.2862624*(-discharge_index - 1.7975149) - discharge_index)*0.75712323,True,True,capacity_cycle1,False,False,False,2.016716569428061,2.24104872604023,1.9653316238688188,1.697149622699385,,,,,,7.67783310196431,3.1614631215829885,,,,
nasa_battery_capacity_reviewer_clean_inner1,0,joint_continuity_step1,condition_raw_q,0.23881280572851152,1.999580231528258,11,13.70889900345434,2.064726839052682,False,False,-1*(-0.3770136) + (-ambient_temperature - discharge_index + q3)/(q3 - 1*(-1.7431303)),False,False,,False,True,False,2.016716569428061,2.24104872604023,1.9653316238688188,1.697149622699385,,,,,,,,13.70889900345434,6.789458993900509,6.392355250958513,7.4495674259209235
nasa_battery_capacity_reviewer_clean_inner1,0,joint_mse_step1,condition_functional_q,0.2531454498959613,3.4852141331659854,16,14.765434659999993,3.6787552924497566,False,False,-early_fade_rate/1.5193489 + (capacity_cycle1 + discharge_index*(-0.8931751)*exp(early_fade_rate) - discharge_index)*0.31118757,True,True,early_fade_rate,True,True,False,2.016716569428061,2.24104872604023,1.9653316238688188,1.697149622699385,,,,,,14.765434659999993,3.621654860910733,,,,
nasa_battery_capacity_reviewer_clean_inner1,0,joint_mse_step1,condition_raw_q,0.2763764080205233,1.4882462610040244,11,16.723185552703196,1.9062610827115112,False,False,(q3 - (discharge_index*(0.71452475 - q3) + discharge_index))*0.42985466,False,False,,False,False,False,2.016716569428061,2.24104872604023,1.9653316238688188,1.697149622699385,,,,,,,,12.843132749507948,15.501240035730133,4.5236645508868705,16.723185552703196
nasa_battery_capacity_reviewer_clean_inner1,1,baseline,condition_only,0.4962121847762886,0.9849786956533967,3,2.24104872604023,1.7514782455472775,False,False,discharge_index*(-0.6197811),False,False,,False,False,False,2.016716569428061,2.24104872604023,1.9653316238688188,1.697149622699385,,,,,,,,,,,
nasa_battery_capacity_reviewer_clean_inner1,1,baseline,condition_support_stats,0.21657216283285977,1.525413034909626,13,2.7647649497768643,1.8885246075487403,False,False,-discharge_index + (support_y_mean + support_y_std)*(ambient_temperature + discharge_index + discharge_index + 2.8685842),False,False,,False,False,False,2.016716569428061,2.24104872604023,1.9653316238688188,1.697149622699385,2.7647649497768643,2.257296893596793,1.571880419529974,2.2705489492281985,1.8392741765926457,,,,,,
nasa_battery_capacity_reviewer_clean_inner1,1,joint_continuity_step1,condition_functional_q,0.2522007299943202,2.7162394156534457,10,10.004079330416063,2.492433934616868,False,False,(early_fade_rate + (discharge_index - 0.20172836)*exp(capacity_cycle1))*(-0.58342683),True,True,capacity_cycle1,True,False,False,2.016716569428061,2.24104872604023,1.9653316238688188,1.697149622699385,,,,,,4.689323741534804,10.004079330416063,,,,
nasa_battery_capacity_reviewer_clean_inner1,1,joint_continuity_step1,condition_raw_q,0.2546612649779777,5.922386328026805,15,24.501489212892317,3.505010252598604,False,False,(-discharge_index + (ambient_temperature - discharge_index*q3 + q2 + 0.28077778)/(-1.6558522))/1.187982,False,False,,False,True,False,2.016716569428061,2.24104872604023,1.9653316238688188,1.697149622699385,,,,,,,,4.836706735031623,24.501489212892317,6.511863665389526,12.331279038423325
nasa_battery_capacity_reviewer_clean_inner1,1,joint_mse_step1,condition_functional_q,0.2797842447292117,0.7488431806230548,13,5.661905824454476,1.8032040748090723,False,False,-discharge_index/0.8039996 + (discharge_index - 1*(-1.0494709))/exp(capacity_cycle1**2) - 1*0.5515515,True,True,capacity_cycle1,True,True,True,2.016716569428061,2.24104872604023,1.9653316238688188,1.697149622699385,,,,,,3.60722022129337,5.661905824454476,,,,
nasa_battery_capacity_reviewer_clean_inner1,1,joint_mse_step1,condition_raw_q,0.22945778397685135,4.272281090592228,15,10.59008141388937,2.0183989790084462,False,False,-discharge_index - 0.33270034*(ambient_temperature + cutoff_voltage*q1*(discharge_index*(-1.661378) - 1.8004147)),False,False,,False,False,False,2.016716569428061,2.24104872604023,1.9653316238688188,1.697149622699385,,,,,,,,10.59008141388937,5.13819309433609,3.6401480169286247,5.963532044217624
nasa_battery_capacity_reviewer_clean_inner1,2,baseline,condition_only,0.4962121835809679,0.9849712894802665,3,2.24104872604023,1.751485400674772,False,False,discharge_index/(-1.6133912),False,False,,False,True,False,2.016716569428061,2.24104872604023,1.9653316238688188,1.697149622699385,,,,,,,,,,,
nasa_battery_capacity_reviewer_clean_inner1,2,baseline,condition_support_stats,0.2469371858049231,1.263144154197958,13,2.7647649497768643,1.8238793788178904,False,False,-discharge_index + support_y_max + (discharge_index*support_y_max - support_y_max)/3.157075 - 0.1962607,False,False,,False,True,False,2.016716569428061,2.24104872604023,1.9653316238688188,1.697149622699385,2.7647649497768643,2.257296893596793,1.571880419529974,2.2705489492281985,1.8392741765926457,,,,,,
nasa_battery_capacity_reviewer_clean_inner1,2,joint_continuity_step1,condition_functional_q,0.2779530975350396,4.9153203821438725,11,30.824715190519523,3.5078673219508705,False,False,-discharge_index + (ambient_temperature + capacity_cycle1)*(discharge_index + 2.2093005)*(-0.34830597),True,True,capacity_cycle1,False,False,False,2.016716569428061,2.24104872604023,1.9653316238688188,1.697149622699385,,,,,,10.133518433989376,30.824715190519523,,,,
nasa_battery_capacity_reviewer_clean_inner1,2,joint_continuity_step1,condition_raw_q,0.23715991238974174,3.081231051379172,17,15.248267058259453,2.412353802634562,False,False,(ambient_temperature - (-discharge_index + q1 - (discharge_index + q1*(-discharge_index - 0.35913473)))/0.64801073)*(-0.26999795),False,False,,False,True,False,2.016716569428061,2.24104872604023,1.9653316238688188,1.697149622699385,,,,,,,,15.248267058259453,9.531311073628924,14.339175775968902,12.659745548041574
nasa_battery_capacity_reviewer_clean_inner1,2,joint_mse_step1,condition_functional_q,0.2650486840934145,6.860318488560759,12,5.548934725751325,2.5978096500718046,False,False,0.91630286 - (0.17568164 + capacity_cycle1*(-0.9157838))**2*(discharge_index + 1.2986447),True,True,capacity_cycle1,False,False,True,2.016716569428061,2.24104872604023,1.9653316238688188,1.697149622699385,,,,,,5.548934725751325,5.215279540706528,,,,
nasa_battery_capacity_reviewer_clean_inner1,2,joint_mse_step1,condition_raw_q,0.2826959317056498,4.038580868911179,9,12.379396278226455,3.35990294293341,False,False,(discharge_index*(q1 - 1*1.7315826) + q1)*0.44947737,False,False,,False,False,False,2.016716569428061,2.24104872604023,1.9653316238688188,1.697149622699385,,,,,,,,12.379396278226455,8.996457281105371,8.127578974002125,11.418465443136261
nasa_battery_capacity_reviewer_clean_inner1,3,baseline,condition_only,0.4962121848757086,0.9849791511833871,3,2.24104872604023,1.7514778054696265,False,False,discharge_index*(-0.61977917),False,False,,False,False,False,2.016716569428061,2.24104872604023,1.9653316238688188,1.697149622699385,,,,,,,,,,,
nasa_battery_capacity_reviewer_clean_inner1,3,baseline,condition_support_stats,0.28415147918218314,1.2148698408493281,11,2.7647649497768643,1.8166783533181527,False,False,(discharge_index*(support_y_min + 2.463412) - support_y_max + support_y_min)*(-0.36537245),False,False,,False,False,False,2.016716569428061,2.24104872604023,1.9653316238688188,1.697149622699385,2.7647649497768643,2.257296893596793,1.571880419529974,2.2705489492281985,1.8392741765926457,,,,,,
nasa_battery_capacity_reviewer_clean_inner1,3,joint_continuity_step1,condition_functional_q,0.2793733438021133,151.2228914626551,14,14.245707653784836,56.07046842189659,True,True,cutoff_voltage**2*(capacity_cycle1 + discharge_index*(-0.18692328) - 0.33635694)**2 - discharge_index - 0.67708606,True,True,capacity_cycle1,False,False,True,2.016716569428061,2.24104872604023,1.9653316238688188,1.697149622699385,,,,,,10.959454928165918,14.245707653784836,,,,
nasa_battery_capacity_reviewer_clean_inner1,3,joint_continuity_step1,condition_raw_q,0.2847905756329221,2.0046586283804193,9,24.644155083181417,1.9841425456391923,False,False,1.3699228 + (-discharge_index - 1.7999125)/(1.6660432 - q1),False,False,,False,True,False,2.016716569428061,2.24104872604023,1.9653316238688188,1.697149622699385,,,,,,,,14.077002788436438,13.36390407047511,12.17864673172159,24.644155083181417
nasa_battery_capacity_reviewer_clean_inner1,3,joint_mse_step1,condition_functional_q,0.327408625633029,0.7675406872149705,8,4.415555636072805,1.773453854409702,False,False,-(discharge_index - 0.021422468/capacity_cycle1**2) - 0.47022018,True,False,,False,True,True,2.016716569428061,2.24104872604023,1.9653316238688188,1.697149622699385,,,,,,4.415555636072805,3.0173815957161674,,,,
nasa_battery_capacity_reviewer_clean_inner1,3,joint_mse_step1,condition_raw_q,0.2288147989757131,2.1189998244402455,21,10.5214928110751,2.6997689510943568,False,False,discharge_index*(-0.8887327) - (cutoff_voltage*(discharge_index + discharge_index)*0.10859725 + 0.22627763)*(load_current_amp - q2 - (q2 + 0.1543928)),False,False,,False,False,False,2.016716569428061,2.24104872604023,1.9653316238688188,1.697149622699385,,,,,,,,10.5214928110751,9.559962200676726,8.412566018415129,6.360441474989347
nasa_battery_capacity_reviewer_clean_inner1,4,baseline,condition_only,0.496212183351902,0.9849687235255029,3,2.24104872604023,1.7514878797327893,False,False,discharge_index/(-1.6133629),False,False,,False,True,False,2.016716569428061,2.24104872604023,1.9653316238688188,1.697149622699385,,,,,,,,,,,
nasa_battery_capacity_reviewer_clean_inner1,4,baseline,condition_support_stats,0.2616121914374278,1.584485234294616,13,2.7647649497768643,2.099227867501962,False,False,-discharge_index + support_y_max - support_y_min*(discharge_index*0.2846941 - 0.58583206) + support_y_std,False,False,,False,False,False,2.016716569428061,2.24104872604023,1.9653316238688188,1.697149622699385,2.7647649497768643,2.257296893596793,1.571880419529974,2.2705489492281985,1.8392741765926457,,,,,,
nasa_battery_capacity_reviewer_clean_inner1,4,joint_continuity_step1,condition_functional_q,0.23893163757087843,1.7551907502422817,13,7.365833132071693,2.5307271231893718,False,False,(-discharge_index - early_fade_rate + (capacity_cycle1 + 0.364163)*(-discharge_index + load_current_amp))/2.3730469,True,True,capacity_cycle1,False,True,False,2.016716569428061,2.24104872604023,1.9653316238688188,1.697149622699385,,,,,,5.2911156123117795,7.365833132071693,,,,
nasa_battery_capacity_reviewer_clean_inner1,4,joint_continuity_step1,condition_raw_q,0.22286344113972878,2.346121303467297,15,14.91673999270978,2.1464273236975537,False,False,(-discharge_index - 1.2016108)*q2*0.45170477 - (discharge_index - (-0.36032653)*(load_current_amp - q4)),False,False,,False,False,False,2.016716569428061,2.24104872604023,1.9653316238688188,1.697149622699385,,,,,,,,14.91673999270978,6.544816180904053,11.792091205044581,5.161494130934183
nasa_battery_capacity_reviewer_clean_inner1,4,joint_mse_step1,condition_functional_q,0.21925141431960743,3.3475899770494193,19,4.240581463417418,2.516875929897797,False,False,((capacity_cycle1**2 + 0.41831216)*(discharge_index*(-0.90791523) - 1.0121623) - (-1)*0.18733424/(ambient_temperature**2))*0.8429974 + 0.26481226,True,True,capacity_cycle1,False,True,True,2.016716569428061,2.24104872604023,1.9653316238688188,1.697149622699385,,,,,,4.240581463417418,2.603156433649832,,,,
nasa_battery_capacity_reviewer_clean_inner1,4,joint_mse_step1,condition_raw_q,0.27299015792233033,6.129803471019035,12,25.111501360152722,4.554452431444203,False,False,(-discharge_index + q4)/(ambient_temperature**2 + q4 + 1.369715) + 0.3132763,False,False,,False,True,True,2.016716569428061,2.24104872604023,1.9653316238688188,1.697149622699385,,,,,,,,5.268294265892801,25.111501360152722,12.468196329261023,6.443485623116462
nasa_battery_capacity_reviewer_clean_inner2,0,baseline,condition_only,0.4735658059248276,0.9191793771563429,13,2.233022624405563,1.8654269460619304,False,False,ambient_temperature*exp(cutoff_voltage**2 + cutoff_voltage + load_current_amp)*(-0.074317165) - discharge_index,False,False,,True,False,True,2.0262862935825163,2.233022624405563,1.7072044732265275,1.4240932317818806,,,,,,,,,,,
nasa_battery_capacity_reviewer_clean_inner2,0,baseline,condition_support_stats,0.4474603561993999,0.9912737630610073,13,4.597385011640487,1.699768161962126,False,False,(7.5986185 - (support_y_mean**2 + 0.4683328)*exp(load_current_amp))*(-0.11791859)*discharge_index,False,False,,True,False,True,2.0262862935825163,2.233022624405563,1.7072044732265275,1.4240932317818806,4.525339563908499,4.597385011640487,2.573170146425203,1.3129662021353647,1.8493656811814168,,,,,,
nasa_battery_capacity_reviewer_clean_inner2,0,joint_continuity_step1,condition_functional_q,0.39723150904888527,0.6028726105584854,18,3.6815383786207487,1.7995032314965755,False,False,cutoff_voltage**2*(discharge_index + 0.27760202 + (early_fade_rate - 0.7502389)/(-cutoff_voltage + load_current_amp))*0.28196687 - discharge_index,True,False,,False,True,True,2.0262862935825163,2.233022624405563,1.7072044732265275,1.4240932317818806,,,,,,3.6815383786207487,1.3484564394840548,,,,
nasa_battery_capacity_reviewer_clean_inner2,0,joint_continuity_step1,condition_raw_q,0.4791977374042848,3128.273666246796,8,20.565413377744118,1301.3155205032267,True,True,-discharge_index - 0.0664048*exp(load_current_amp - q2),False,False,,True,False,False,2.0262862935825163,2.233022624405563,1.7072044732265275,1.4240932317818806,,,,,,,,13.55542645222895,12.225068421232093,10.64994758699422,20.565413377744118
nasa_battery_capacity_reviewer_clean_inner2,0,joint_mse_step1,condition_functional_q,0.4975713991903425,0.9571210331064612,7,2.4648159239148955,1.88029251017242,False,False,-discharge_index - 0.07083475/(-discharge_index - 0.8732467),False,False,,False,True,False,2.0262862935825163,2.233022624405563,1.7072044732265275,1.4240932317818806,,,,,,2.4648159239148955,1.1217556131044257,,,,
nasa_battery_capacity_reviewer_clean_inner2,0,joint_mse_step1,condition_raw_q,0.5313772133932871,0.8658264818330282,3,12.951566236583194,1.7481222165100327,False,False,discharge_index*(-0.76997113),False,False,,False,False,False,2.0262862935825163,2.233022624405563,1.7072044732265275,1.4240932317818806,,,,,,,,12.951566236583194,8.35277665905054,1.7581792841335004,9.122362260593956
nasa_battery_capacity_reviewer_clean_inner2,1,baseline,condition_only,0.4115489073471773,0.8342584600314216,19,2.233022624405563,1.800821948220019,False,False,(-discharge_index**2 + (0.0822799053463781*cutoff_voltage**4*discharge_index**4*exp(2*cutoff_voltage))*exp(2*load_current_amp))/discharge_index,False,False,,True,True,True,2.0262862935825163,2.233022624405563,1.7072044732265275,1.4240932317818806,,,,,,,,,,,
nasa_battery_capacity_reviewer_clean_inner2,1,baseline,condition_support_stats,0.4499058159015412,1.1645590874857752,10,4.597385011640487,1.7413203111855815,False,False,-0.83275974*(cutoff_voltage**2*(cutoff_voltage + load_current_amp)**2 + discharge_index),False,False,,False,False,True,2.0262862935825163,2.233022624405563,1.7072044732265275,1.4240932317818806,4.525339563908499,4.597385011640487,2.573170146425203,1.3129662021353647,1.8493656811814168,,,,,,
nasa_battery_capacity_reviewer_clean_inner2,1,joint_continuity_step1,condition_functional_q,0.4633482129818475,5.569548037841524,12,5.478467716807745,16.24141069965783,False,False,ambient_temperature*exp(load_current_amp*(0.12246996 - capacity_cycle1))*(-0.06543126) - discharge_index,True,False,,True,False,False,2.0262862935825163,2.233022624405563,1.7072044732265275,1.4240932317818806,,,,,,5.478467716807745,2.648997461156927,,,,
nasa_battery_capacity_reviewer_clean_inner2,1,joint_continuity_step1,condition_raw_q,0.47755667231774773,10.303014132278996,11,31.144654709347446,7.128664319106687,True,False,discharge_index/(-1.9125981) - q2/(load_current_amp - q1 + 2.0583212),False,False,,False,True,False,2.0262862935825163,2.233022624405563,1.7072044732265275,1.4240932317818806,,,,,,,,17.58245361950311,31.091386918404673,31.144654709347446,18.068791825931864
nasa_battery_capacity_reviewer_clean_inner2,1,joint_mse_step1,condition_functional_q,0.4416809296961899,0.9333202471008963,14,3.979544567868505,1.8247779789000236,False,False,-discharge_index + exp(load_current_amp*cutoff_voltage*4.395242)*early_fade_rate*(-0.050606765)*load_current_amp,True,False,,True,False,False,2.0262862935825163,2.233022624405563,1.7072044732265275,1.4240932317818806,,,,,,3.979544567868505,1.0058323498679247,,,,
nasa_battery_capacity_reviewer_clean_inner2,1,joint_mse_step1,condition_raw_q,0.4549015948717011,1.298223546695866,12,17.831045995983068,1.82792195083731,False,False,discharge_index*0.06901046*(exp(q1*(load_current_amp + 1.0579824)) - 1*14.627145),False,False,,True,False,False,2.0262862935825163,2.233022624405563,1.7072044732265275,1.4240932317818806,,,,,,,,17.831045995983068,6.1412420256811275,3.0766668441969296,2.625033596318055
nasa_battery_capacity_reviewer_clean_inner2,2,baseline,condition_only,0.4436627414073698,0.8951278645379225,16,2.233022624405563,1.8247808369480605,False,False,discharge_index*(0.150404011118594*ambient_temperature**2*cutoff_voltage**2*(-cutoff_voltage*load_current_amp + discharge_index)**2) - discharge_index,False,False,,False,False,True,2.0262862935825163,2.233022624405563,1.7072044732265275,1.4240932317818806,,,,,,,,,,,
nasa_battery_capacity_reviewer_clean_inner2,2,baseline,condition_support_stats,0.5313772072446615,0.8657777480253799,3,4.597385011640487,1.7480841819012474,False,False,discharge_index*(-0.769857),False,False,,False,False,False,2.0262862935825163,2.233022624405563,1.7072044732265275,1.4240932317818806,4.525339563908499,4.597385011640487,2.573170146425203,1.3129662021353647,1.8493656811814168,,,,,,
nasa_battery_capacity_reviewer_clean_inner2,2,joint_continuity_step1,condition_functional_q,0.48861093633083263,2.414381587944172,11,12.981907404147892,4.444973073513159,False,False,early_fade_rate*capacity_cycle1*0.078969136/(load_current_amp - 1.3556327) - discharge_index,True,False,,False,True,False,2.0262862935825163,2.233022624405563,1.7072044732265275,1.4240932317818806,,,,,,12.981907404147892,6.23095815881546,,,,
nasa_battery_capacity_reviewer_clean_inner2,2,joint_continuity_step1,condition_raw_q,0.4602595624577676,26188527418761.145,10,35.06199820441156,78477143086763.39,True,True,discharge_index*(exp(load_current_amp + q1)*0.07994669 - 1*0.9563433),False,False,,True,False,False,2.0262862935825163,2.233022624405563,1.7072044732265275,1.4240932317818806,,,,,,,,35.06199820441156,19.753715397909055,10.827871492923855,13.766734230328959
nasa_battery_capacity_reviewer_clean_inner2,2,joint_mse_step1,condition_functional_q,0.4210984359372937,15.515524747357938,16,6.076372507553819,23.45295176501179,True,False,capacity_cycle1*(ambient_temperature - discharge_index + 0.8046637)*0.09808251*(capacity_cycle1 - load_current_amp)**2 - discharge_index,True,True,capacity_cycle1,False,False,True,2.0262862935825163,2.233022624405563,1.7072044732265275,1.4240932317818806,,,,,,6.076372507553819,1.4428517022308964,,,,
nasa_battery_capacity_reviewer_clean_inner2,2,joint_mse_step1,condition_raw_q,0.438568625921816,0.9453844874830732,15,16.64686328048115,1.7902552733637382,False,False,discharge_index*(ambient_temperature*cutoff_voltage*1.0039719 + load_current_amp)**4/24.182854 - discharge_index,False,False,,False,True,True,2.0262862935825163,2.233022624405563,1.7072044732265275,1.4240932317818806,,,,,,,,7.298849868820916,16.64686328048115,5.8410430007502,6.970773776744928
nasa_battery_capacity_reviewer_clean_inner2,3,baseline,condition_only,0.41221865555362,0.9488178000828542,19,2.233022624405563,1.800883340427985,False,False,discharge_index*((discharge_index - 1*72.766365)*load_current_amp*0.011152671 + exp((cutoff_voltage + load_current_amp)**2)*0.044693004)/load_current_amp,False,False,,True,True,True,2.0262862935825163,2.233022624405563,1.7072044732265275,1.4240932317818806,,,,,,,,,,,
nasa_battery_capacity_reviewer_clean_inner2,3,baseline,condition_support_stats,0.4663919735086982,1.1220618897159886,10,4.597385011640487,1.8706141724376129,False,False,discharge_index*((load_current_amp - support_y_mean)**2*0.22157986 - 1*1.1991415),False,False,,False,False,True,2.0262862935825163,2.233022624405563,1.7072044732265275,1.4240932317818806,4.525339563908499,4.597385011640487,2.573170146425203,1.3129662021353647,1.8493656811814168,,,,,,
nasa_battery_capacity_reviewer_clean_inner2,3,joint_continuity_step1,condition_functional_q,0.42991105499194415,0.7970984173014627,16,9.594872602495178,1.8896302417387607,False,False,discharge_index/(-0.1625085*discharge_index*early_fade_rate/(exp(load_current_amp/(-1.2433189))/(-1.1025301)) - 1.1109422),True,True,early_fade_rate,True,True,False,2.0262862935825163,2.233022624405563,1.7072044732265275,1.4240932317818806,,,,,,9.594872602495178,4.882075049374492,,,,
nasa_battery_capacity_reviewer_clean_inner2,3,joint_continuity_step1,condition_raw_q,0.48700494422930884,68.89460962331286,10,22.19154171581113,53.10877828055592,True,False,-discharge_index + 0.013374508/(((1.0599113 - load_current_amp)/exp(q4))),False,False,,True,True,False,2.0262862935825163,2.233022624405563,1.7072044732265275,1.4240932317818806,,,,,,,,17.347336833402032,22.19154171581113,7.225097914948624,7.3939813403839665
nasa_battery_capacity_reviewer_clean_inner2,3,joint_mse_step1,condition_functional_q,0.4855975330871242,25.297716702002443,10,6.860452106655392,74.44675014433362,True,False,discharge_index*(exp(-capacity_cycle1 + load_current_amp)*0.13724716 - 1*1.1398135),True,True,capacity_cycle1,True,False,False,2.0262862935825163,2.233022624405563,1.7072044732265275,1.4240932317818806,,,,,,6.860452106655392,1.3228114618856568,,,,
nasa_battery_capacity_reviewer_clean_inner2,3,joint_mse_step1,condition_raw_q,0.5313772071468765,0.8657802372540971,3,21.04120441729106,1.7480861247889126,False,False,discharge_index*(-0.76986283),False,False,,False,False,False,2.0262862935825163,2.233022624405563,1.7072044732265275,1.4240932317818806,,,,,,,,21.04120441729106,7.474738853720866,12.975712440276812,8.217791920793838
nasa_battery_capacity_reviewer_clean_inner2,4,baseline,condition_only,0.48259894247531165,0.9365103139872473,11,2.233022624405563,1.8552160884197644,False,False,-discharge_index - 0.21447052/(ambient_temperature + log(discharge_index**2) - 1.9504508),False,False,,False,True,True,2.0262862935825163,2.233022624405563,1.7072044732265275,1.4240932317818806,,,,,,,,,,,
nasa_battery_capacity_reviewer_clean_inner2,4,baseline,condition_support_stats,0.5313772158724434,0.8658340502724937,3,4.597385011640487,1.7481281227790189,False,False,discharge_index/(-1.2987201),False,False,,False,True,False,2.0262862935825163,2.233022624405563,1.7072044732265275,1.4240932317818806,4.525339563908499,4.597385011640487,2.573170146425203,1.3129662021353647,1.8493656811814168,,,,,,
nasa_battery_capacity_reviewer_clean_inner2,4,joint_continuity_step1,condition_functional_q,0.4784418764577084,0.999345328185276,11,7.882704651643009,1.7677666173189992,False,False,discharge_index*(-0.76716465 + 0.4718742/(-cutoff_voltage + load_current_amp + load_current_amp)),False,False,,False,True,False,2.0262862935825163,2.233022624405563,1.7072044732265275,1.4240932317818806,,,,,,7.882704651643009,3.9958907281996523,,,,
nasa_battery_capacity_reviewer_clean_inner2,4,joint_continuity_step1,condition_raw_q,0.4457863482246247,0.9157919872784929,12,29.41630320814658,1.7715998763188794,False,False,-discharge_index/1.2917795 + 0.11216901/(load_current_amp - exp(cutoff_voltage - 1*0.8883181)),False,False,,True,True,False,2.0262862935825163,2.233022624405563,1.7072044732265275,1.4240932317818806,,,,,,,,16.839985038305294,9.569217802645689,14.426042113632766,29.41630320814658
nasa_battery_capacity_reviewer_clean_inner2,4,joint_mse_step1,condition_functional_q,0.5313772072405722,0.8657778334188104,3,5.471096595794944,1.7480842485526251,False,False,discharge_index*(-0.7698572),False,False,,False,False,False,2.0262862935825163,2.233022624405563,1.7072044732265275,1.4240932317818806,,,,,,5.471096595794944,3.444907683433779,,,,
nasa_battery_capacity_reviewer_clean_inner2,4,joint_mse_step1,condition_raw_q,0.4228117039652719,6.356848251170872e+44,11,19.134224201685413,7.236421652483386e+44,True,True,discharge_index*exp(load_current_amp*exp(q1))*0.05887918 - discharge_index,False,False,,True,False,False,2.0262862935825163,2.233022624405563,1.7072044732265275,1.4240932317818806,,,,,,,,6.273567855228618,7.66198458131729,19.134224201685413,11.834456558341488
