dataset,seed,method,regime,status,best_expression_standardized,complexity,r2_meta_fit,r2_structure_validation,reference_nrmse_meta_fit,reference_nrmse_structure_validation,input_columns_before_constant_drop,input_columns,symbols_used,meta_fit_labels,structure_validation_labels,rows_meta_fit,rows_structure_validation,source_result,neural_q_reference_nrmse,target_fit_mean,target_fit_std,reference_scale,elapsed_seconds
nasa_battery_capacity_reviewer_clean_inner0,0,joint_continuity_step1,condition_functional_q,success,discharge_index*(-0.7414324),3,0.5497276091923329,-0.6361726834815935,0.5596157613819238,0.7519704396612865,"['discharge_index', 'ambient_temperature', 'load_current_amp', 'cutoff_voltage', 'capacity_cycle1', 'early_fade_rate']","['discharge_index', 'ambient_temperature', 'load_current_amp', 'cutoff_voltage', 'capacity_cycle1', 'early_fade_rate']",['discharge_index'],"['B0006', 'B0007', 'B0025', 'B0028', 'B0029', 'B0031', 'B0033', 'B0040']","['B0005', 'B0026', 'B0030', 'B0036', 'B0039']",500,337,runs/nasa_battery_reviewer_clean_inner_q_20260825/nasa_battery_capacity_reviewer_clean_inner0/joint_continuity_step1/seed0_q4_ed200e16f4e6/result.json,1.6293932060950245,1.51604621117577,0.2066869702768674,0.247833962462282,43.28496587090194
nasa_battery_capacity_reviewer_clean_inner0,0,joint_continuity_step1,condition_raw_q,success,(-discharge_index + q3*(-0.4644337)*exp(cutoff_voltage*load_current_amp))*0.7293024,12,0.7116438235918574,-0.8745284714804586,0.4478338402856174,0.8048820095956989,"['discharge_index', 'ambient_temperature', 'load_current_amp', 'cutoff_voltage', 'q1', 'q2', 'q3', 'q4']","['discharge_index', 'ambient_temperature', 'load_current_amp', 'cutoff_voltage', 'q1', 'q2', 'q3', 'q4']","['discharge_index', 'load_current_amp', 'cutoff_voltage', 'q3']","['B0006', 'B0007', 'B0025', 'B0028', 'B0029', 'B0031', 'B0033', 'B0040']","['B0005', 'B0026', 'B0030', 'B0036', 'B0039']",500,337,runs/nasa_battery_reviewer_clean_inner_q_20260825/nasa_battery_capacity_reviewer_clean_inner0/joint_continuity_step1/seed0_q4_ed200e16f4e6/result.json,1.6293932060950245,1.51604621117577,0.2066869702768674,0.247833962462282,61.89586535654962
nasa_battery_capacity_reviewer_clean_inner0,0,joint_mse_step1,condition_functional_q,success,early_fade_rate*(-0.73643696)/(0.33638287 - (-cutoff_voltage + load_current_amp + load_current_amp)) + (0.1064213 - discharge_index)/1.3348857,17,0.7271449812955508,0.3275162142596503,0.43563047305389346,0.4820888738698681,"['discharge_index', 'ambient_temperature', 'load_current_amp', 'cutoff_voltage', 'capacity_cycle1', 'early_fade_rate']","['discharge_index', 'ambient_temperature', 'load_current_amp', 'cutoff_voltage', 'capacity_cycle1', 'early_fade_rate']","['discharge_index', 'load_current_amp', 'cutoff_voltage', 'early_fade_rate']","['B0006', 'B0007', 'B0025', 'B0028', 'B0029', 'B0031', 'B0033', 'B0040']","['B0005', 'B0026', 'B0030', 'B0036', 'B0039']",500,337,runs/nasa_battery_reviewer_clean_inner_q_20260825/nasa_battery_capacity_reviewer_clean_inner0/joint_mse_step1/seed0_q4_0e59d419d083/result.json,0.6426151685690225,1.51604621117577,0.2066869702768674,0.247833962462282,57.165450958535075
nasa_battery_capacity_reviewer_clean_inner0,0,joint_mse_step1,condition_raw_q,success,discharge_index*(-0.7414298),3,0.5497276091659161,-0.6361678672992235,0.5596157613983396,0.751969332923142,"['discharge_index', 'ambient_temperature', 'load_current_amp', 'cutoff_voltage', 'q1', 'q2', 'q3', 'q4']","['discharge_index', 'ambient_temperature', 'load_current_amp', 'cutoff_voltage', 'q1', 'q2', 'q3', 'q4']",['discharge_index'],"['B0006', 'B0007', 'B0025', 'B0028', 'B0029', 'B0031', 'B0033', 'B0040']","['B0005', 'B0026', 'B0030', 'B0036', 'B0039']",500,337,runs/nasa_battery_reviewer_clean_inner_q_20260825/nasa_battery_capacity_reviewer_clean_inner0/joint_mse_step1/seed0_q4_0e59d419d083/result.json,0.6426151685690225,1.51604621117577,0.2066869702768674,0.247833962462282,47.00840139761567
nasa_battery_capacity_reviewer_clean_inner0,0,,condition_only,success,(-cutoff_voltage + cutoff_voltage - discharge_index)*0.78588796 + exp(cutoff_voltage*(cutoff_voltage + load_current_amp))*(-0.03789631),16,0.6687200296460599,-1.2199221715192405,0.4800095389132893,0.8759011047860704,"['discharge_index', 'ambient_temperature', 'load_current_amp', 'cutoff_voltage']","['discharge_index', 'ambient_temperature', 'load_current_amp', 'cutoff_voltage']","['discharge_index', 'load_current_amp', 'cutoff_voltage']","['B0006', 'B0007', 'B0025', 'B0028', 'B0029', 'B0031', 'B0033', 'B0040']","['B0005', 'B0026', 'B0030', 'B0036', 'B0039']",500,337,,,1.51604621117577,0.2066869702768674,0.247833962462282,67.98811864294112
nasa_battery_capacity_reviewer_clean_inner0,0,,condition_support_stats,success,-discharge_index/1.5338585 + discharge_index*(-0.2334368)/((-(load_current_amp + support_y_mean) - 2.0857716)/(-1.3924156)),15,0.6741811207717108,-0.8877307853072105,0.476036662087632,0.8077114305314306,"['discharge_index', 'ambient_temperature', 'load_current_amp', 'cutoff_voltage', 'support_y_mean', 'support_y_std', 'support_y_min', 'support_y_max', 'support_y_count']","['discharge_index', 'ambient_temperature', 'load_current_amp', 'cutoff_voltage', 'support_y_mean', 'support_y_std', 'support_y_min', 'support_y_max', 'support_y_count']","['discharge_index', 'load_current_amp', 'support_y_mean']","['B0006', 'B0007', 'B0025', 'B0028', 'B0029', 'B0031', 'B0033', 'B0040']","['B0005', 'B0026', 'B0030', 'B0036', 'B0039']",500,337,,,1.51604621117577,0.2066869702768674,0.247833962462282,78.35424043610692
nasa_battery_capacity_reviewer_clean_inner0,1,joint_continuity_step1,condition_functional_q,success,(0.21507572 - discharge_index)*0.7878825 - 0.16344582*(-cutoff_voltage*(-cutoff_voltage/(-1.1089025) + load_current_amp) + early_fade_rate)**2,18,0.7143550773730398,-5.819300923608504,0.44572350091768687,1.5351687719826825,"['discharge_index', 'ambient_temperature', 'load_current_amp', 'cutoff_voltage', 'capacity_cycle1', 'early_fade_rate']","['discharge_index', 'ambient_temperature', 'load_current_amp', 'cutoff_voltage', 'capacity_cycle1', 'early_fade_rate']","['discharge_index', 'load_current_amp', 'cutoff_voltage', 'early_fade_rate']","['B0006', 'B0007', 'B0025', 'B0028', 'B0029', 'B0031', 'B0033', 'B0040']","['B0005', 'B0026', 'B0030', 'B0036', 'B0039']",500,337,runs/nasa_battery_reviewer_clean_inner_q_20260825/nasa_battery_capacity_reviewer_clean_inner0/joint_continuity_step1/seed1_q4_c01494fc23c7/result.json,1.386079074364523,1.51604621117577,0.2066869702768674,0.247833962462282,53.765670504420996
nasa_battery_capacity_reviewer_clean_inner0,1,joint_continuity_step1,condition_raw_q,success,(load_current_amp + q2)**2*ambient_temperature*(-0.18658148) - discharge_index,10,0.6283125253129787,-1.841439891236078,0.5084417931805755,0.990958429689449,"['discharge_index', 'ambient_temperature', 'load_current_amp', 'cutoff_voltage', 'q1', 'q2', 'q3', 'q4']","['discharge_index', 'ambient_temperature', 'load_current_amp', 'cutoff_voltage', 'q1', 'q2', 'q3', 'q4']","['discharge_index', 'ambient_temperature', 'load_current_amp', 'q2']","['B0006', 'B0007', 'B0025', 'B0028', 'B0029', 'B0031', 'B0033', 'B0040']","['B0005', 'B0026', 'B0030', 'B0036', 'B0039']",500,337,runs/nasa_battery_reviewer_clean_inner_q_20260825/nasa_battery_capacity_reviewer_clean_inner0/joint_continuity_step1/seed1_q4_c01494fc23c7/result.json,1.386079074364523,1.51604621117577,0.2066869702768674,0.247833962462282,45.41087417677045
nasa_battery_capacity_reviewer_clean_inner0,1,joint_mse_step1,condition_functional_q,success,(cutoff_voltage*(-0.31620657)/(cutoff_voltage - load_current_amp/exp(load_current_amp) - 1*1.2431828) - discharge_index)*0.7767084,16,0.7146296177693718,-1.2239838532817577,0.44550925148765563,0.87670203505518,"['discharge_index', 'ambient_temperature', 'load_current_amp', 'cutoff_voltage', 'capacity_cycle1', 'early_fade_rate']","['discharge_index', 'ambient_temperature', 'load_current_amp', 'cutoff_voltage', 'capacity_cycle1', 'early_fade_rate']","['discharge_index', 'load_current_amp', 'cutoff_voltage']","['B0006', 'B0007', 'B0025', 'B0028', 'B0029', 'B0031', 'B0033', 'B0040']","['B0005', 'B0026', 'B0030', 'B0036', 'B0039']",500,337,runs/nasa_battery_reviewer_clean_inner_q_20260825/nasa_battery_capacity_reviewer_clean_inner0/joint_mse_step1/seed1_q4_735a5ab3571f/result.json,1.0432764767356253,1.51604621117577,0.2066869702768674,0.247833962462282,37.90876190550625
nasa_battery_capacity_reviewer_clean_inner0,1,joint_mse_step1,condition_raw_q,success,-15.568364*discharge_index/(exp(exp(cutoff_voltage*load_current_amp*0.69571185))/(-1.9552847) - 1*(-23.451973)) + q2*(-0.410295)/1.5335463,21,0.7388935013434983,0.5363134839350461,0.4261486521158232,0.4003118379589532,"['discharge_index', 'ambient_temperature', 'load_current_amp', 'cutoff_voltage', 'q1', 'q2', 'q3', 'q4']","['discharge_index', 'ambient_temperature', 'load_current_amp', 'cutoff_voltage', 'q1', 'q2', 'q3', 'q4']","['discharge_index', 'load_current_amp', 'cutoff_voltage', 'q2']","['B0006', 'B0007', 'B0025', 'B0028', 'B0029', 'B0031', 'B0033', 'B0040']","['B0005', 'B0026', 'B0030', 'B0036', 'B0039']",500,337,runs/nasa_battery_reviewer_clean_inner_q_20260825/nasa_battery_capacity_reviewer_clean_inner0/joint_mse_step1/seed1_q4_735a5ab3571f/result.json,1.0432764767356253,1.51604621117577,0.2066869702768674,0.247833962462282,63.15664663352072
nasa_battery_capacity_reviewer_clean_inner0,1,,condition_only,success,-discharge_index + (-exp(cutoff_voltage*(ambient_temperature + load_current_amp)) - 1.1237481*exp(discharge_index)*4.12311/cutoff_voltage)*0.017214924,19,0.7302458538215734,-1.6780388453306792,0.433148029373231,0.9620433365533868,"['discharge_index', 'ambient_temperature', 'load_current_amp', 'cutoff_voltage']","['discharge_index', 'ambient_temperature', 'load_current_amp', 'cutoff_voltage']","['discharge_index', 'ambient_temperature', 'load_current_amp', 'cutoff_voltage']","['B0006', 'B0007', 'B0025', 'B0028', 'B0029', 'B0031', 'B0033', 'B0040']","['B0005', 'B0026', 'B0030', 'B0036', 'B0039']",500,337,,,1.51604621117577,0.2066869702768674,0.247833962462282,64.78898761793971
nasa_battery_capacity_reviewer_clean_inner0,1,,condition_support_stats,success,discharge_index*(-1.1205833)/(load_current_amp*support_y_max + 2.108885),9,0.6542445952004363,-2.0887402722574384,0.4903845370526637,1.0331821516413326,"['discharge_index', 'ambient_temperature', 'load_current_amp', 'cutoff_voltage', 'support_y_mean', 'support_y_std', 'support_y_min', 'support_y_max', 'support_y_count']","['discharge_index', 'ambient_temperature', 'load_current_amp', 'cutoff_voltage', 'support_y_mean', 'support_y_std', 'support_y_min', 'support_y_max', 'support_y_count']","['discharge_index', 'load_current_amp', 'support_y_max']","['B0006', 'B0007', 'B0025', 'B0028', 'B0029', 'B0031', 'B0033', 'B0040']","['B0005', 'B0026', 'B0030', 'B0036', 'B0039']",500,337,,,1.51604621117577,0.2066869702768674,0.247833962462282,40.92003638483584
nasa_battery_capacity_reviewer_clean_inner0,2,joint_continuity_step1,condition_functional_q,success,discharge_index*(-0.80187094 + 0.5101937/(load_current_amp + 0.20643932/(ambient_temperature/load_current_amp + load_current_amp) + capacity_cycle1/ambient_temperature)) - 0.11866518/cutoff_voltage,23,0.7549674663136123,-9.833374897128936,0.412823255141141,1.9349425990398104,"['discharge_index', 'ambient_temperature', 'load_current_amp', 'cutoff_voltage', 'capacity_cycle1', 'early_fade_rate']","['discharge_index', 'ambient_temperature', 'load_current_amp', 'cutoff_voltage', 'capacity_cycle1', 'early_fade_rate']","['discharge_index', 'ambient_temperature', 'load_current_amp', 'cutoff_voltage', 'capacity_cycle1']","['B0006', 'B0007', 'B0025', 'B0028', 'B0029', 'B0031', 'B0033', 'B0040']","['B0005', 'B0026', 'B0030', 'B0036', 'B0039']",500,337,runs/nasa_battery_reviewer_clean_inner_q_20260825/nasa_battery_capacity_reviewer_clean_inner0/joint_continuity_step1/seed2_q4_dc2cfd5bb864/result.json,1.4635350852671976,1.51604621117577,0.2066869702768674,0.247833962462282,40.30275408551097
nasa_battery_capacity_reviewer_clean_inner0,2,joint_continuity_step1,condition_raw_q,success,discharge_index*(-0.76069236) + exp(load_current_amp*q2)*(-0.090702236),10,0.6646523678480285,-19397494.01313881,0.48294747600780935,2589.160806187217,"['discharge_index', 'ambient_temperature', 'load_current_amp', 'cutoff_voltage', 'q1', 'q2', 'q3', 'q4']","['discharge_index', 'ambient_temperature', 'load_current_amp', 'cutoff_voltage', 'q1', 'q2', 'q3', 'q4']","['discharge_index', 'load_current_amp', 'q2']","['B0006', 'B0007', 'B0025', 'B0028', 'B0029', 'B0031', 'B0033', 'B0040']","['B0005', 'B0026', 'B0030', 'B0036', 'B0039']",500,337,runs/nasa_battery_reviewer_clean_inner_q_20260825/nasa_battery_capacity_reviewer_clean_inner0/joint_continuity_step1/seed2_q4_dc2cfd5bb864/result.json,1.4635350852671976,1.51604621117577,0.2066869702768674,0.247833962462282,64.48495301231742
nasa_battery_capacity_reviewer_clean_inner0,2,joint_mse_step1,condition_functional_q,success,(capacity_cycle1/(cutoff_voltage*(0.7102257 - load_current_amp)*3.4060075 - 1*(-2.6948266)) - discharge_index)*0.70125335,15,0.695582807877033,-0.8088200131026841,0.4601366925803483,0.7906492749156484,"['discharge_index', 'ambient_temperature', 'load_current_amp', 'cutoff_voltage', 'capacity_cycle1', 'early_fade_rate']","['discharge_index', 'ambient_temperature', 'load_current_amp', 'cutoff_voltage', 'capacity_cycle1', 'early_fade_rate']","['discharge_index', 'load_current_amp', 'cutoff_voltage', 'capacity_cycle1']","['B0006', 'B0007', 'B0025', 'B0028', 'B0029', 'B0031', 'B0033', 'B0040']","['B0005', 'B0026', 'B0030', 'B0036', 'B0039']",500,337,runs/nasa_battery_reviewer_clean_inner_q_20260825/nasa_battery_capacity_reviewer_clean_inner0/joint_mse_step1/seed2_q4_3dc9cc858e16/result.json,0.5819851824621832,1.51604621117577,0.2066869702768674,0.247833962462282,64.65605275705457
nasa_battery_capacity_reviewer_clean_inner0,2,joint_mse_step1,condition_raw_q,success,discharge_index*(-0.8007425) + q4*exp(cutoff_voltage + load_current_amp + q2)*(-0.12540217),14,0.7085548338660341,-14849270.934936572,0.4502261404887714,2265.368096749176,"['discharge_index', 'ambient_temperature', 'load_current_amp', 'cutoff_voltage', 'q1', 'q2', 'q3', 'q4']","['discharge_index', 'ambient_temperature', 'load_current_amp', 'cutoff_voltage', 'q1', 'q2', 'q3', 'q4']","['discharge_index', 'load_current_amp', 'cutoff_voltage', 'q2', 'q4']","['B0006', 'B0007', 'B0025', 'B0028', 'B0029', 'B0031', 'B0033', 'B0040']","['B0005', 'B0026', 'B0030', 'B0036', 'B0039']",500,337,runs/nasa_battery_reviewer_clean_inner_q_20260825/nasa_battery_capacity_reviewer_clean_inner0/joint_mse_step1/seed2_q4_3dc9cc858e16/result.json,0.5819851824621832,1.51604621117577,0.2066869702768674,0.247833962462282,46.89480536431074
nasa_battery_capacity_reviewer_clean_inner0,2,,condition_only,success,discharge_index*(-0.7414324),3,0.5497276091923329,-0.6361726834815935,0.5596157613819238,0.7519704396612865,"['discharge_index', 'ambient_temperature', 'load_current_amp', 'cutoff_voltage']","['discharge_index', 'ambient_temperature', 'load_current_amp', 'cutoff_voltage']",['discharge_index'],"['B0006', 'B0007', 'B0025', 'B0028', 'B0029', 'B0031', 'B0033', 'B0040']","['B0005', 'B0026', 'B0030', 'B0036', 'B0039']",500,337,,,1.51604621117577,0.2066869702768674,0.247833962462282,60.63696786761284
nasa_battery_capacity_reviewer_clean_inner0,2,,condition_support_stats,success,(-discharge_index + exp(exp(cutoff_voltage) + exp(load_current_amp + 0.5974752) + 1.9716429)/(-82954.36))*0.7820829,16,0.6726689727378858,-0.8010851851957443,0.4771400429481994,0.7889569871753696,"['discharge_index', 'ambient_temperature', 'load_current_amp', 'cutoff_voltage', 'support_y_mean', 'support_y_std', 'support_y_min', 'support_y_max', 'support_y_count']","['discharge_index', 'ambient_temperature', 'load_current_amp', 'cutoff_voltage', 'support_y_mean', 'support_y_std', 'support_y_min', 'support_y_max', 'support_y_count']","['discharge_index', 'load_current_amp', 'cutoff_voltage']","['B0006', 'B0007', 'B0025', 'B0028', 'B0029', 'B0031', 'B0033', 'B0040']","['B0005', 'B0026', 'B0030', 'B0036', 'B0039']",500,337,,,1.51604621117577,0.2066869702768674,0.247833962462282,38.378349490463734
nasa_battery_capacity_reviewer_clean_inner0,3,joint_continuity_step1,condition_functional_q,success,(-discharge_index + 0.1469511/(load_current_amp/((ambient_temperature*capacity_cycle1)) + 0.1469511))/1.348803,13,0.673466001349913,-0.6657107344801834,0.47655878725538664,0.7587277912308354,"['discharge_index', 'ambient_temperature', 'load_current_amp', 'cutoff_voltage', 'capacity_cycle1', 'early_fade_rate']","['discharge_index', 'ambient_temperature', 'load_current_amp', 'cutoff_voltage', 'capacity_cycle1', 'early_fade_rate']","['discharge_index', 'ambient_temperature', 'load_current_amp', 'capacity_cycle1']","['B0006', 'B0007', 'B0025', 'B0028', 'B0029', 'B0031', 'B0033', 'B0040']","['B0005', 'B0026', 'B0030', 'B0036', 'B0039']",500,337,runs/nasa_battery_reviewer_clean_inner_q_20260825/nasa_battery_capacity_reviewer_clean_inner0/joint_continuity_step1/seed3_q4_8c7bd68b9982/result.json,0.9645245085582501,1.51604621117577,0.2066869702768674,0.247833962462282,49.44109455309808
nasa_battery_capacity_reviewer_clean_inner0,3,joint_continuity_step1,condition_raw_q,success,discharge_index*(-0.7414296),3,0.549727609163324,-0.636167496824829,0.5596157613999504,0.7519692477896406,"['discharge_index', 'ambient_temperature', 'load_current_amp', 'cutoff_voltage', 'q1', 'q2', 'q3', 'q4']","['discharge_index', 'ambient_temperature', 'load_current_amp', 'cutoff_voltage', 'q1', 'q2', 'q3', 'q4']",['discharge_index'],"['B0006', 'B0007', 'B0025', 'B0028', 'B0029', 'B0031', 'B0033', 'B0040']","['B0005', 'B0026', 'B0030', 'B0036', 'B0039']",500,337,runs/nasa_battery_reviewer_clean_inner_q_20260825/nasa_battery_capacity_reviewer_clean_inner0/joint_continuity_step1/seed3_q4_8c7bd68b9982/result.json,0.9645245085582501,1.51604621117577,0.2066869702768674,0.247833962462282,37.06283916346729
nasa_battery_capacity_reviewer_clean_inner0,3,joint_mse_step1,condition_functional_q,success,(-discharge_index + (early_fade_rate + 0.6629675)*(load_current_amp**2*exp(2*cutoff_voltage/load_current_amp))*(-1.4966046))*0.75947,17,0.7551656947472773,-3.0385526765774644,0.41265623677982555,1.1814057376249538,"['discharge_index', 'ambient_temperature', 'load_current_amp', 'cutoff_voltage', 'capacity_cycle1', 'early_fade_rate']","['discharge_index', 'ambient_temperature', 'load_current_amp', 'cutoff_voltage', 'capacity_cycle1', 'early_fade_rate']","['discharge_index', 'load_current_amp', 'cutoff_voltage', 'early_fade_rate']","['B0006', 'B0007', 'B0025', 'B0028', 'B0029', 'B0031', 'B0033', 'B0040']","['B0005', 'B0026', 'B0030', 'B0036', 'B0039']",500,337,runs/nasa_battery_reviewer_clean_inner_q_20260825/nasa_battery_capacity_reviewer_clean_inner0/joint_mse_step1/seed3_q4_104002a86142/result.json,1.280598351989706,1.51604621117577,0.2066869702768674,0.247833962462282,41.49044893309474
nasa_battery_capacity_reviewer_clean_inner0,3,joint_mse_step1,condition_raw_q,success,discharge_index*(-0.7415842),3,0.5497275872967404,-0.6364539235056446,0.5596157749882638,0.7520350645934537,"['discharge_index', 'ambient_temperature', 'load_current_amp', 'cutoff_voltage', 'q1', 'q2', 'q3', 'q4']","['discharge_index', 'ambient_temperature', 'load_current_amp', 'cutoff_voltage', 'q1', 'q2', 'q3', 'q4']",['discharge_index'],"['B0006', 'B0007', 'B0025', 'B0028', 'B0029', 'B0031', 'B0033', 'B0040']","['B0005', 'B0026', 'B0030', 'B0036', 'B0039']",500,337,runs/nasa_battery_reviewer_clean_inner_q_20260825/nasa_battery_capacity_reviewer_clean_inner0/joint_mse_step1/seed3_q4_104002a86142/result.json,1.280598351989706,1.51604621117577,0.2066869702768674,0.247833962462282,44.726855428889394
nasa_battery_capacity_reviewer_clean_inner0,3,,condition_only,success,discharge_index*(-0.74143964),3,0.5497276091946515,-0.6361860948462645,0.559615761380483,0.7519735215270407,"['discharge_index', 'ambient_temperature', 'load_current_amp', 'cutoff_voltage']","['discharge_index', 'ambient_temperature', 'load_current_amp', 'cutoff_voltage']",['discharge_index'],"['B0006', 'B0007', 'B0025', 'B0028', 'B0029', 'B0031', 'B0033', 'B0040']","['B0005', 'B0026', 'B0030', 'B0036', 'B0039']",500,337,,,1.51604621117577,0.2066869702768674,0.247833962462282,50.41402205079794
nasa_battery_capacity_reviewer_clean_inner0,3,,condition_support_stats,success,discharge_index*(-0.7414324),3,0.5497276091923329,-0.6361726834815935,0.5596157613819238,0.7519704396612865,"['discharge_index', 'ambient_temperature', 'load_current_amp', 'cutoff_voltage', 'support_y_mean', 'support_y_std', 'support_y_min', 'support_y_max', 'support_y_count']","['discharge_index', 'ambient_temperature', 'load_current_amp', 'cutoff_voltage', 'support_y_mean', 'support_y_std', 'support_y_min', 'support_y_max', 'support_y_count']",['discharge_index'],"['B0006', 'B0007', 'B0025', 'B0028', 'B0029', 'B0031', 'B0033', 'B0040']","['B0005', 'B0026', 'B0030', 'B0036', 'B0039']",500,337,,,1.51604621117577,0.2066869702768674,0.247833962462282,65.7369172796607
nasa_battery_capacity_reviewer_clean_inner0,4,joint_continuity_step1,condition_functional_q,success,discharge_index*(-0.7414324),3,0.5497276091923329,-0.6361726834815935,0.5596157613819238,0.7519704396612865,"['discharge_index', 'ambient_temperature', 'load_current_amp', 'cutoff_voltage', 'capacity_cycle1', 'early_fade_rate']","['discharge_index', 'ambient_temperature', 'load_current_amp', 'cutoff_voltage', 'capacity_cycle1', 'early_fade_rate']",['discharge_index'],"['B0006', 'B0007', 'B0025', 'B0028', 'B0029', 'B0031', 'B0033', 'B0040']","['B0005', 'B0026', 'B0030', 'B0036', 'B0039']",500,337,runs/nasa_battery_reviewer_clean_inner_q_20260825/nasa_battery_capacity_reviewer_clean_inner0/joint_continuity_step1/seed4_q4_7d347c9c389e/result.json,1.0026528915568844,1.51604621117577,0.2066869702768674,0.247833962462282,36.935243120417
nasa_battery_capacity_reviewer_clean_inner0,4,joint_continuity_step1,condition_raw_q,success,-0.7469767*discharge_index - 0.17884389/(cutoff_voltage**2 - sqrt((cutoff_voltage + load_current_amp)**2) - 0.077481866),16,0.7114271764550519,-425.2284242649869,0.4480020414730152,12.136889669803322,"['discharge_index', 'ambient_temperature', 'load_current_amp', 'cutoff_voltage', 'q1', 'q2', 'q3', 'q4']","['discharge_index', 'ambient_temperature', 'load_current_amp', 'cutoff_voltage', 'q1', 'q2', 'q3', 'q4']","['discharge_index', 'load_current_amp', 'cutoff_voltage']","['B0006', 'B0007', 'B0025', 'B0028', 'B0029', 'B0031', 'B0033', 'B0040']","['B0005', 'B0026', 'B0030', 'B0036', 'B0039']",500,337,runs/nasa_battery_reviewer_clean_inner_q_20260825/nasa_battery_capacity_reviewer_clean_inner0/joint_continuity_step1/seed4_q4_7d347c9c389e/result.json,1.0026528915568844,1.51604621117577,0.2066869702768674,0.247833962462282,67.72946370020509
nasa_battery_capacity_reviewer_clean_inner0,4,joint_mse_step1,condition_functional_q,success,cutoff_voltage*(-0.3768102)/(cutoff_voltage + load_current_amp*(-1.324958)) - 0.7132582*discharge_index,13,0.715185321426002,-1.2092785934974954,0.44507526853557944,0.873798796120987,"['discharge_index', 'ambient_temperature', 'load_current_amp', 'cutoff_voltage', 'capacity_cycle1', 'early_fade_rate']","['discharge_index', 'ambient_temperature', 'load_current_amp', 'cutoff_voltage', 'capacity_cycle1', 'early_fade_rate']","['discharge_index', 'load_current_amp', 'cutoff_voltage']","['B0006', 'B0007', 'B0025', 'B0028', 'B0029', 'B0031', 'B0033', 'B0040']","['B0005', 'B0026', 'B0030', 'B0036', 'B0039']",500,337,runs/nasa_battery_reviewer_clean_inner_q_20260825/nasa_battery_capacity_reviewer_clean_inner0/joint_mse_step1/seed4_q4_8b811cf7b13c/result.json,0.9174716849316701,1.51604621117577,0.2066869702768674,0.247833962462282,65.93099038489163
nasa_battery_capacity_reviewer_clean_inner0,4,joint_mse_step1,condition_raw_q,success,discharge_index*(-0.7414363),3,0.5497276092066078,-0.6361799078082202,0.559615761373053,0.7519720997776447,"['discharge_index', 'ambient_temperature', 'load_current_amp', 'cutoff_voltage', 'q1', 'q2', 'q3', 'q4']","['discharge_index', 'ambient_temperature', 'load_current_amp', 'cutoff_voltage', 'q1', 'q2', 'q3', 'q4']",['discharge_index'],"['B0006', 'B0007', 'B0025', 'B0028', 'B0029', 'B0031', 'B0033', 'B0040']","['B0005', 'B0026', 'B0030', 'B0036', 'B0039']",500,337,runs/nasa_battery_reviewer_clean_inner_q_20260825/nasa_battery_capacity_reviewer_clean_inner0/joint_mse_step1/seed4_q4_8b811cf7b13c/result.json,0.9174716849316701,1.51604621117577,0.2066869702768674,0.247833962462282,40.82288599200547
nasa_battery_capacity_reviewer_clean_inner0,4,,condition_only,success,-0.7951549*discharge_index + (exp(ambient_temperature*ambient_temperature*cutoff_voltage*load_current_amp) - 8.9680805)/((cutoff_voltage*exp(load_current_amp)*ambient_temperature*(-281.26105))),23,0.7353229147442315,-0.9137382239865799,0.42905251324868354,0.8132563545426759,"['discharge_index', 'ambient_temperature', 'load_current_amp', 'cutoff_voltage']","['discharge_index', 'ambient_temperature', 'load_current_amp', 'cutoff_voltage']","['discharge_index', 'ambient_temperature', 'load_current_amp', 'cutoff_voltage']","['B0006', 'B0007', 'B0025', 'B0028', 'B0029', 'B0031', 'B0033', 'B0040']","['B0005', 'B0026', 'B0030', 'B0036', 'B0039']",500,337,,,1.51604621117577,0.2066869702768674,0.247833962462282,67.67584436945617
nasa_battery_capacity_reviewer_clean_inner0,4,,condition_support_stats,success,(discharge_index + discharge_index + support_y_std*exp(cutoff_voltage/load_current_amp))/(-2.481402),12,0.7100043196416582,-1.0894713468010044,0.44910515805522827,0.8497758991966164,"['discharge_index', 'ambient_temperature', 'load_current_amp', 'cutoff_voltage', 'support_y_mean', 'support_y_std', 'support_y_min', 'support_y_max', 'support_y_count']","['discharge_index', 'ambient_temperature', 'load_current_amp', 'cutoff_voltage', 'support_y_mean', 'support_y_std', 'support_y_min', 'support_y_max', 'support_y_count']","['discharge_index', 'load_current_amp', 'cutoff_voltage', 'support_y_std']","['B0006', 'B0007', 'B0025', 'B0028', 'B0029', 'B0031', 'B0033', 'B0040']","['B0005', 'B0026', 'B0030', 'B0036', 'B0039']",500,337,,,1.51604621117577,0.2066869702768674,0.247833962462282,57.54526941291988
nasa_battery_capacity_reviewer_clean_inner1,0,joint_continuity_step1,condition_functional_q,success,((cutoff_voltage*ambient_temperature*(-0.79123044) + 0.3622627)*capacity_cycle1*1.2862624*(-discharge_index - 1.7975149) - discharge_index)*0.75712323,19,0.8244042701485207,-2.410433796910507,0.2649762227532307,1.854924966400057,"['discharge_index', 'ambient_temperature', 'load_current_amp', 'cutoff_voltage', 'capacity_cycle1', 'early_fade_rate']","['discharge_index', 'ambient_temperature', 'load_current_amp', 'cutoff_voltage', 'capacity_cycle1', 'early_fade_rate']","['discharge_index', 'ambient_temperature', 'cutoff_voltage', 'capacity_cycle1']","['B0005', 'B0007', 'B0025', 'B0026', 'B0029', 'B0030', 'B0036', 'B0039']","['B0006', 'B0028', 'B0031', 'B0033', 'B0040']",503,334,runs/nasa_battery_reviewer_clean_inner_q_20260825/nasa_battery_capacity_reviewer_clean_inner1/joint_continuity_step1/seed0_q4_55936bac92a3/result.json,1.4869140527736302,1.610156063846427,0.13972763246470266,0.22096951923912347,36.726044004783034
nasa_battery_capacity_reviewer_clean_inner1,0,joint_continuity_step1,condition_raw_q,success,-1*(-0.3770136) + (-ambient_temperature - discharge_index + q3)/(q3 - 1*(-1.7431303)),11,0.8573685285197628,-2.963096060457895,0.23881280572851152,1.999580231528258,"['discharge_index', 'ambient_temperature', 'load_current_amp', 'cutoff_voltage', 'q1', 'q2', 'q3', 'q4']","['discharge_index', 'ambient_temperature', 'load_current_amp', 'cutoff_voltage', 'q1', 'q2', 'q3', 'q4']","['discharge_index', 'ambient_temperature', 'q3']","['B0005', 'B0007', 'B0025', 'B0026', 'B0029', 'B0030', 'B0036', 'B0039']","['B0006', 'B0028', 'B0031', 'B0033', 'B0040']",503,334,runs/nasa_battery_reviewer_clean_inner_q_20260825/nasa_battery_capacity_reviewer_clean_inner1/joint_continuity_step1/seed0_q4_55936bac92a3/result.json,1.4869140527736302,1.610156063846427,0.13972763246470266,0.22096951923912347,36.67662964761257
nasa_battery_capacity_reviewer_clean_inner1,0,joint_mse_step1,condition_functional_q,success,-early_fade_rate/1.5193489 + (capacity_cycle1 + discharge_index*(-0.8931751)*exp(early_fade_rate) - discharge_index)*0.31118757,16,0.8397343711374893,-11.0397054798615,0.2531454498959613,3.4852141331659854,"['discharge_index', 'ambient_temperature', 'load_current_amp', 'cutoff_voltage', 'capacity_cycle1', 'early_fade_rate']","['discharge_index', 'ambient_temperature', 'load_current_amp', 'cutoff_voltage', 'capacity_cycle1', 'early_fade_rate']","['discharge_index', 'capacity_cycle1', 'early_fade_rate']","['B0005', 'B0007', 'B0025', 'B0026', 'B0029', 'B0030', 'B0036', 'B0039']","['B0006', 'B0028', 'B0031', 'B0033', 'B0040']",503,334,runs/nasa_battery_reviewer_clean_inner_q_20260825/nasa_battery_capacity_reviewer_clean_inner1/joint_mse_step1/seed0_q4_aae01616521a/result.json,0.9519576586799029,1.610156063846427,0.13972763246470266,0.22096951923912347,48.98939166776836
nasa_battery_capacity_reviewer_clean_inner1,0,joint_mse_step1,condition_raw_q,success,(q3 - (discharge_index*(0.71452475 - q3) + discharge_index))*0.42985466,11,0.808969779515815,-1.1953639601473078,0.2763764080205233,1.4882462610040244,"['discharge_index', 'ambient_temperature', 'load_current_amp', 'cutoff_voltage', 'q1', 'q2', 'q3', 'q4']","['discharge_index', 'ambient_temperature', 'load_current_amp', 'cutoff_voltage', 'q1', 'q2', 'q3', 'q4']","['discharge_index', 'q3']","['B0005', 'B0007', 'B0025', 'B0026', 'B0029', 'B0030', 'B0036', 'B0039']","['B0006', 'B0028', 'B0031', 'B0033', 'B0040']",503,334,runs/nasa_battery_reviewer_clean_inner_q_20260825/nasa_battery_capacity_reviewer_clean_inner1/joint_mse_step1/seed0_q4_aae01616521a/result.json,0.9519576586799029,1.610156063846427,0.13972763246470266,0.22096951923912347,67.71970799565315
nasa_battery_capacity_reviewer_clean_inner1,0,,condition_only,success,discharge_index*(-0.61981267),3,0.3842066602274702,0.038378790143046904,0.4962121835761333,0.9849712445085447,"['discharge_index', 'ambient_temperature', 'load_current_amp', 'cutoff_voltage']","['discharge_index', 'ambient_temperature', 'load_current_amp', 'cutoff_voltage']",['discharge_index'],"['B0005', 'B0007', 'B0025', 'B0026', 'B0029', 'B0030', 'B0036', 'B0039']","['B0006', 'B0028', 'B0031', 'B0033', 'B0040']",503,334,,,1.610156063846427,0.13972763246470266,0.22096951923912347,55.92277524806559
nasa_battery_capacity_reviewer_clean_inner1,0,,condition_support_stats,success,(discharge_index*(-1.4854003) - 1*1.4722699)/exp(ambient_temperature + support_y_max + 1.0416533) - 1*(-0.6896283),14,0.818431046862983,-0.30186961361218656,0.26944536946904446,1.1460545247564646,"['discharge_index', 'ambient_temperature', 'load_current_amp', 'cutoff_voltage', 'support_y_mean', 'support_y_std', 'support_y_min', 'support_y_max', 'support_y_count']","['discharge_index', 'ambient_temperature', 'load_current_amp', 'cutoff_voltage', 'support_y_mean', 'support_y_std', 'support_y_min', 'support_y_max', 'support_y_count']","['discharge_index', 'ambient_temperature', 'support_y_max']","['B0005', 'B0007', 'B0025', 'B0026', 'B0029', 'B0030', 'B0036', 'B0039']","['B0006', 'B0028', 'B0031', 'B0033', 'B0040']",503,334,,,1.610156063846427,0.13972763246470266,0.22096951923912347,66.32901765778661
nasa_battery_capacity_reviewer_clean_inner1,1,joint_continuity_step1,condition_functional_q,success,(early_fade_rate + (discharge_index - 0.20172836)*exp(capacity_cycle1))*(-0.58342683),10,0.8409283377761771,-6.312957074080644,0.2522007299943202,2.7162394156534457,"['discharge_index', 'ambient_temperature', 'load_current_amp', 'cutoff_voltage', 'capacity_cycle1', 'early_fade_rate']","['discharge_index', 'ambient_temperature', 'load_current_amp', 'cutoff_voltage', 'capacity_cycle1', 'early_fade_rate']","['discharge_index', 'capacity_cycle1', 'early_fade_rate']","['B0005', 'B0007', 'B0025', 'B0026', 'B0029', 'B0030', 'B0036', 'B0039']","['B0006', 'B0028', 'B0031', 'B0033', 'B0040']",503,334,runs/nasa_battery_reviewer_clean_inner_q_20260825/nasa_battery_capacity_reviewer_clean_inner1/joint_continuity_step1/seed1_q4_3ba7b5304459/result.json,1.158455847993084,1.610156063846427,0.13972763246470266,0.22096951923912347,32.6517152544111
nasa_battery_capacity_reviewer_clean_inner1,1,joint_continuity_step1,condition_raw_q,success,(-discharge_index + (ambient_temperature - discharge_index*q3 + q2 + 0.28077778)/(-1.6558522))/1.187982,15,0.8378093087711906,-33.765653530825595,0.2546612649779777,5.922386328026805,"['discharge_index', 'ambient_temperature', 'load_current_amp', 'cutoff_voltage', 'q1', 'q2', 'q3', 'q4']","['discharge_index', 'ambient_temperature', 'load_current_amp', 'cutoff_voltage', 'q1', 'q2', 'q3', 'q4']","['discharge_index', 'ambient_temperature', 'q2', 'q3']","['B0005', 'B0007', 'B0025', 'B0026', 'B0029', 'B0030', 'B0036', 'B0039']","['B0006', 'B0028', 'B0031', 'B0033', 'B0040']",503,334,runs/nasa_battery_reviewer_clean_inner_q_20260825/nasa_battery_capacity_reviewer_clean_inner1/joint_continuity_step1/seed1_q4_3ba7b5304459/result.json,1.158455847993084,1.610156063846427,0.13972763246470266,0.22096951923912347,59.12984617985785
nasa_battery_capacity_reviewer_clean_inner1,1,joint_mse_step1,condition_functional_q,success,-discharge_index/0.8039996 + (discharge_index - 1*(-1.0494709))/exp(capacity_cycle1**2) - 1*0.5515515,13,0.8042297703925749,0.44417421682716707,0.2797842447292117,0.7488431806230548,"['discharge_index', 'ambient_temperature', 'load_current_amp', 'cutoff_voltage', 'capacity_cycle1', 'early_fade_rate']","['discharge_index', 'ambient_temperature', 'load_current_amp', 'cutoff_voltage', 'capacity_cycle1', 'early_fade_rate']","['discharge_index', 'capacity_cycle1']","['B0005', 'B0007', 'B0025', 'B0026', 'B0029', 'B0030', 'B0036', 'B0039']","['B0006', 'B0028', 'B0031', 'B0033', 'B0040']",503,334,runs/nasa_battery_reviewer_clean_inner_q_20260825/nasa_battery_capacity_reviewer_clean_inner1/joint_mse_step1/seed1_q4_f6ce3ba35c6f/result.json,0.7085052037563113,1.610156063846427,0.13972763246470266,0.22096951923912347,53.14489783719182
nasa_battery_capacity_reviewer_clean_inner1,1,joint_mse_step1,condition_raw_q,success,-discharge_index - 0.33270034*(ambient_temperature + cutoff_voltage*q1*(discharge_index*(-1.661378) - 1.8004147)),15,0.8683242712304776,-17.09158296145349,0.22945778397685135,4.272281090592228,"['discharge_index', 'ambient_temperature', 'load_current_amp', 'cutoff_voltage', 'q1', 'q2', 'q3', 'q4']","['discharge_index', 'ambient_temperature', 'load_current_amp', 'cutoff_voltage', 'q1', 'q2', 'q3', 'q4']","['discharge_index', 'ambient_temperature', 'cutoff_voltage', 'q1']","['B0005', 'B0007', 'B0025', 'B0026', 'B0029', 'B0030', 'B0036', 'B0039']","['B0006', 'B0028', 'B0031', 'B0033', 'B0040']",503,334,runs/nasa_battery_reviewer_clean_inner_q_20260825/nasa_battery_capacity_reviewer_clean_inner1/joint_mse_step1/seed1_q4_f6ce3ba35c6f/result.json,0.7085052037563113,1.610156063846427,0.13972763246470266,0.22096951923912347,41.18974769487977
nasa_battery_capacity_reviewer_clean_inner1,1,,condition_only,success,discharge_index*(-0.6197811),3,0.3842066572487136,0.03836424107662684,0.4962121847762886,0.9849786956533967,"['discharge_index', 'ambient_temperature', 'load_current_amp', 'cutoff_voltage']","['discharge_index', 'ambient_temperature', 'load_current_amp', 'cutoff_voltage']",['discharge_index'],"['B0005', 'B0007', 'B0025', 'B0026', 'B0029', 'B0030', 'B0036', 'B0039']","['B0006', 'B0028', 'B0031', 'B0033', 'B0040']",503,334,,,1.610156063846427,0.13972763246470266,0.22096951923912347,66.37468728236854
nasa_battery_capacity_reviewer_clean_inner1,1,,condition_support_stats,success,-discharge_index + (support_y_mean + support_y_std)*(ambient_temperature + discharge_index + discharge_index + 2.8685842),13,0.8826980023839279,-1.306385168082445,0.21657216283285977,1.525413034909626,"['discharge_index', 'ambient_temperature', 'load_current_amp', 'cutoff_voltage', 'support_y_mean', 'support_y_std', 'support_y_min', 'support_y_max', 'support_y_count']","['discharge_index', 'ambient_temperature', 'load_current_amp', 'cutoff_voltage', 'support_y_mean', 'support_y_std', 'support_y_min', 'support_y_max', 'support_y_count']","['discharge_index', 'ambient_temperature', 'support_y_mean', 'support_y_std']","['B0005', 'B0007', 'B0025', 'B0026', 'B0029', 'B0030', 'B0036', 'B0039']","['B0006', 'B0028', 'B0031', 'B0033', 'B0040']",503,334,,,1.610156063846427,0.13972763246470266,0.22096951923912347,36.0190694835037
nasa_battery_capacity_reviewer_clean_inner1,2,joint_continuity_step1,condition_functional_q,success,-discharge_index + (ambient_temperature + capacity_cycle1)*(discharge_index + 2.2093005)*(-0.34830597),11,0.8067839599168717,-22.947522569559812,0.2779530975350396,4.9153203821438725,"['discharge_index', 'ambient_temperature', 'load_current_amp', 'cutoff_voltage', 'capacity_cycle1', 'early_fade_rate']","['discharge_index', 'ambient_temperature', 'load_current_amp', 'cutoff_voltage', 'capacity_cycle1', 'early_fade_rate']","['discharge_index', 'ambient_temperature', 'capacity_cycle1']","['B0005', 'B0007', 'B0025', 'B0026', 'B0029', 'B0030', 'B0036', 'B0039']","['B0006', 'B0028', 'B0031', 'B0033', 'B0040']",503,334,runs/nasa_battery_reviewer_clean_inner_q_20260825/nasa_battery_capacity_reviewer_clean_inner1/joint_continuity_step1/seed2_q4_8acc21f84a09/result.json,1.1112420047951466,1.610156063846427,0.13972763246470266,0.22096951923912347,56.11595876328647
nasa_battery_capacity_reviewer_clean_inner1,2,joint_continuity_step1,condition_raw_q,success,(ambient_temperature - (-discharge_index + q1 - (discharge_index + q1*(-discharge_index - 0.35913473)))/0.64801073)*(-0.26999795),17,0.8593360841963487,-8.410343182626562,0.23715991238974174,3.081231051379172,"['discharge_index', 'ambient_temperature', 'load_current_amp', 'cutoff_voltage', 'q1', 'q2', 'q3', 'q4']","['discharge_index', 'ambient_temperature', 'load_current_amp', 'cutoff_voltage', 'q1', 'q2', 'q3', 'q4']","['discharge_index', 'ambient_temperature', 'q1']","['B0005', 'B0007', 'B0025', 'B0026', 'B0029', 'B0030', 'B0036', 'B0039']","['B0006', 'B0028', 'B0031', 'B0033', 'B0040']",503,334,runs/nasa_battery_reviewer_clean_inner_q_20260825/nasa_battery_capacity_reviewer_clean_inner1/joint_continuity_step1/seed2_q4_8acc21f84a09/result.json,1.1112420047951466,1.610156063846427,0.13972763246470266,0.22096951923912347,54.196108639240265
nasa_battery_capacity_reviewer_clean_inner1,2,joint_mse_step1,condition_functional_q,success,0.91630286 - (0.17568164 + capacity_cycle1*(-0.9157838))**2*(discharge_index + 1.2986447),12,0.8243082189515861,-45.649338157206266,0.2650486840934145,6.860318488560759,"['discharge_index', 'ambient_temperature', 'load_current_amp', 'cutoff_voltage', 'capacity_cycle1', 'early_fade_rate']","['discharge_index', 'ambient_temperature', 'load_current_amp', 'cutoff_voltage', 'capacity_cycle1', 'early_fade_rate']","['discharge_index', 'capacity_cycle1']","['B0005', 'B0007', 'B0025', 'B0026', 'B0029', 'B0030', 'B0036', 'B0039']","['B0006', 'B0028', 'B0031', 'B0033', 'B0040']",503,334,runs/nasa_battery_reviewer_clean_inner_q_20260825/nasa_battery_capacity_reviewer_clean_inner1/joint_mse_step1/seed2_q4_f8a2a867f237/result.json,0.9080142175535592,1.610156063846427,0.13972763246470266,0.22096951923912347,60.298646388575435
nasa_battery_capacity_reviewer_clean_inner1,2,joint_mse_step1,condition_raw_q,success,(discharge_index*(q1 - 1*1.7315826) + q1)*0.44947737,9,0.8001338449208419,-15.166443822996335,0.2826959317056498,4.038580868911179,"['discharge_index', 'ambient_temperature', 'load_current_amp', 'cutoff_voltage', 'q1', 'q2', 'q3', 'q4']","['discharge_index', 'ambient_temperature', 'load_current_amp', 'cutoff_voltage', 'q1', 'q2', 'q3', 'q4']","['discharge_index', 'q1']","['B0005', 'B0007', 'B0025', 'B0026', 'B0029', 'B0030', 'B0036', 'B0039']","['B0006', 'B0028', 'B0031', 'B0033', 'B0040']",503,334,runs/nasa_battery_reviewer_clean_inner_q_20260825/nasa_battery_capacity_reviewer_clean_inner1/joint_mse_step1/seed2_q4_f8a2a867f237/result.json,0.9080142175535592,1.610156063846427,0.13972763246470266,0.22096951923912347,52.65443423949182
nasa_battery_capacity_reviewer_clean_inner1,2,,condition_only,success,discharge_index/(-1.6133912),3,0.3842066602154708,0.03837870233182861,0.4962121835809679,0.9849712894802665,"['discharge_index', 'ambient_temperature', 'load_current_amp', 'cutoff_voltage']","['discharge_index', 'ambient_temperature', 'load_current_amp', 'cutoff_voltage']",['discharge_index'],"['B0005', 'B0007', 'B0025', 'B0026', 'B0029', 'B0030', 'B0036', 'B0039']","['B0006', 'B0028', 'B0031', 'B0033', 'B0040']",503,334,,,1.610156063846427,0.13972763246470266,0.22096951923912347,52.228367956355214
nasa_battery_capacity_reviewer_clean_inner1,2,,condition_support_stats,success,-discharge_index + support_y_max + (discharge_index*support_y_max - support_y_max)/3.157075 - 0.1962607,13,0.8474988461822986,-0.5814765738569481,0.2469371858049231,1.263144154197958,"['discharge_index', 'ambient_temperature', 'load_current_amp', 'cutoff_voltage', 'support_y_mean', 'support_y_std', 'support_y_min', 'support_y_max', 'support_y_count']","['discharge_index', 'ambient_temperature', 'load_current_amp', 'cutoff_voltage', 'support_y_mean', 'support_y_std', 'support_y_min', 'support_y_max', 'support_y_count']","['discharge_index', 'support_y_max']","['B0005', 'B0007', 'B0025', 'B0026', 'B0029', 'B0030', 'B0036', 'B0039']","['B0006', 'B0028', 'B0031', 'B0033', 'B0040']",503,334,,,1.610156063846427,0.13972763246470266,0.22096951923912347,53.89391503483057
nasa_battery_capacity_reviewer_clean_inner1,3,joint_continuity_step1,condition_functional_q,success,cutoff_voltage**2*(capacity_cycle1 + discharge_index*(-0.18692328) - 0.33635694)**2 - discharge_index - 0.67708606,14,0.804804378150281,-22665.893580601616,0.2793733438021133,151.2228914626551,"['discharge_index', 'ambient_temperature', 'load_current_amp', 'cutoff_voltage', 'capacity_cycle1', 'early_fade_rate']","['discharge_index', 'ambient_temperature', 'load_current_amp', 'cutoff_voltage', 'capacity_cycle1', 'early_fade_rate']","['discharge_index', 'cutoff_voltage', 'capacity_cycle1']","['B0005', 'B0007', 'B0025', 'B0026', 'B0029', 'B0030', 'B0036', 'B0039']","['B0006', 'B0028', 'B0031', 'B0033', 'B0040']",503,334,runs/nasa_battery_reviewer_clean_inner_q_20260825/nasa_battery_capacity_reviewer_clean_inner1/joint_continuity_step1/seed3_q4_6e2d17c34741/result.json,1.3781785895185301,1.610156063846427,0.13972763246470266,0.22096951923912347,50.88399727828801
nasa_battery_capacity_reviewer_clean_inner1,3,joint_continuity_step1,condition_raw_q,success,1.3699228 + (-discharge_index - 1.7999125)/(1.6660432 - q1),9,0.7971610435828969,-2.9832520229744337,0.2847905756329221,2.0046586283804193,"['discharge_index', 'ambient_temperature', 'load_current_amp', 'cutoff_voltage', 'q1', 'q2', 'q3', 'q4']","['discharge_index', 'ambient_temperature', 'load_current_amp', 'cutoff_voltage', 'q1', 'q2', 'q3', 'q4']","['discharge_index', 'q1']","['B0005', 'B0007', 'B0025', 'B0026', 'B0029', 'B0030', 'B0036', 'B0039']","['B0006', 'B0028', 'B0031', 'B0033', 'B0040']",503,334,runs/nasa_battery_reviewer_clean_inner_q_20260825/nasa_battery_capacity_reviewer_clean_inner1/joint_continuity_step1/seed3_q4_6e2d17c34741/result.json,1.3781785895185301,1.610156063846427,0.13972763246470266,0.22096951923912347,32.03862071968615
nasa_battery_capacity_reviewer_clean_inner1,3,joint_mse_step1,condition_functional_q,success,-(discharge_index - 0.021422468/capacity_cycle1**2) - 0.47022018,8,0.7319101484446099,0.4160714046605971,0.327408625633029,0.7675406872149705,"['discharge_index', 'ambient_temperature', 'load_current_amp', 'cutoff_voltage', 'capacity_cycle1', 'early_fade_rate']","['discharge_index', 'ambient_temperature', 'load_current_amp', 'cutoff_voltage', 'capacity_cycle1', 'early_fade_rate']","['discharge_index', 'capacity_cycle1']","['B0005', 'B0007', 'B0025', 'B0026', 'B0029', 'B0030', 'B0036', 'B0039']","['B0006', 'B0028', 'B0031', 'B0033', 'B0040']",503,334,runs/nasa_battery_reviewer_clean_inner_q_20260825/nasa_battery_capacity_reviewer_clean_inner1/joint_mse_step1/seed3_q4_820b00d29afd/result.json,1.0863298453035926,1.610156063846427,0.13972763246470266,0.22096951923912347,33.399083180353045
nasa_battery_capacity_reviewer_clean_inner1,3,joint_mse_step1,condition_raw_q,success,discharge_index*(-0.8887327) - (cutoff_voltage*(discharge_index + discharge_index)*0.10859725 + 0.22627763)*(load_current_amp - q2 - (q2 + 0.1543928)),21,0.8690611988917205,-3.4506021317224924,0.2288147989757131,2.1189998244402455,"['discharge_index', 'ambient_temperature', 'load_current_amp', 'cutoff_voltage', 'q1', 'q2', 'q3', 'q4']","['discharge_index', 'ambient_temperature', 'load_current_amp', 'cutoff_voltage', 'q1', 'q2', 'q3', 'q4']","['discharge_index', 'load_current_amp', 'cutoff_voltage', 'q2']","['B0005', 'B0007', 'B0025', 'B0026', 'B0029', 'B0030', 'B0036', 'B0039']","['B0006', 'B0028', 'B0031', 'B0033', 'B0040']",503,334,runs/nasa_battery_reviewer_clean_inner_q_20260825/nasa_battery_capacity_reviewer_clean_inner1/joint_mse_step1/seed3_q4_820b00d29afd/result.json,1.0863298453035926,1.610156063846427,0.13972763246470266,0.22096951923912347,63.774829875677824
nasa_battery_capacity_reviewer_clean_inner1,3,,condition_only,success,discharge_index*(-0.61977917),3,0.38420665700195544,0.038363351607583085,0.4962121848757086,0.9849791511833871,"['discharge_index', 'ambient_temperature', 'load_current_amp', 'cutoff_voltage']","['discharge_index', 'ambient_temperature', 'load_current_amp', 'cutoff_voltage']",['discharge_index'],"['B0005', 'B0007', 'B0025', 'B0026', 'B0029', 'B0030', 'B0036', 'B0039']","['B0006', 'B0028', 'B0031', 'B0033', 'B0040']",503,334,,,1.610156063846427,0.13972763246470266,0.22096951923912347,38.504392663016915
nasa_battery_capacity_reviewer_clean_inner1,3,,condition_support_stats,success,(discharge_index*(support_y_min + 2.463412) - support_y_max + support_y_min)*(-0.36537245),11,0.7980704009368643,-0.4629060359559487,0.28415147918218314,1.2148698408493281,"['discharge_index', 'ambient_temperature', 'load_current_amp', 'cutoff_voltage', 'support_y_mean', 'support_y_std', 'support_y_min', 'support_y_max', 'support_y_count']","['discharge_index', 'ambient_temperature', 'load_current_amp', 'cutoff_voltage', 'support_y_mean', 'support_y_std', 'support_y_min', 'support_y_max', 'support_y_count']","['discharge_index', 'support_y_min', 'support_y_max']","['B0005', 'B0007', 'B0025', 'B0026', 'B0029', 'B0030', 'B0036', 'B0039']","['B0006', 'B0028', 'B0031', 'B0033', 'B0040']",503,334,,,1.610156063846427,0.13972763246470266,0.22096951923912347,63.11941873282194
nasa_battery_capacity_reviewer_clean_inner1,4,joint_continuity_step1,condition_functional_q,success,(-discharge_index - early_fade_rate + (capacity_cycle1 + 0.364163)*(-discharge_index + load_current_amp))/2.3730469,13,0.8572265480477785,-2.0535537792887735,0.23893163757087843,1.7551907502422817,"['discharge_index', 'ambient_temperature', 'load_current_amp', 'cutoff_voltage', 'capacity_cycle1', 'early_fade_rate']","['discharge_index', 'ambient_temperature', 'load_current_amp', 'cutoff_voltage', 'capacity_cycle1', 'early_fade_rate']","['discharge_index', 'load_current_amp', 'capacity_cycle1', 'early_fade_rate']","['B0005', 'B0007', 'B0025', 'B0026', 'B0029', 'B0030', 'B0036', 'B0039']","['B0006', 'B0028', 'B0031', 'B0033', 'B0040']",503,334,runs/nasa_battery_reviewer_clean_inner_q_20260825/nasa_battery_capacity_reviewer_clean_inner1/joint_continuity_step1/seed4_q4_a8400486f916/result.json,1.7344209687434935,1.610156063846427,0.13972763246470266,0.22096951923912347,58.63728526234627
nasa_battery_capacity_reviewer_clean_inner1,4,joint_continuity_step1,condition_raw_q,success,(-discharge_index - 1.2016108)*q2*0.45170477 - (discharge_index - (-0.36032653)*(load_current_amp - q4)),15,0.8757839243056806,-4.455792648200476,0.22286344113972878,2.346121303467297,"['discharge_index', 'ambient_temperature', 'load_current_amp', 'cutoff_voltage', 'q1', 'q2', 'q3', 'q4']","['discharge_index', 'ambient_temperature', 'load_current_amp', 'cutoff_voltage', 'q1', 'q2', 'q3', 'q4']","['discharge_index', 'load_current_amp', 'q2', 'q4']","['B0005', 'B0007', 'B0025', 'B0026', 'B0029', 'B0030', 'B0036', 'B0039']","['B0006', 'B0028', 'B0031', 'B0033', 'B0040']",503,334,runs/nasa_battery_reviewer_clean_inner_q_20260825/nasa_battery_capacity_reviewer_clean_inner1/joint_continuity_step1/seed4_q4_a8400486f916/result.json,1.7344209687434935,1.610156063846427,0.13972763246470266,0.22096951923912347,33.591129310429096
nasa_battery_capacity_reviewer_clean_inner1,4,joint_mse_step1,condition_functional_q,success,((capacity_cycle1**2 + 0.41831216)*(discharge_index*(-0.90791523) - 1.0121623) - (-1)*0.18733424/(ambient_temperature**2))*0.8429974 + 0.26481226,19,0.8797777234067292,-10.10763110290019,0.21925141431960743,3.3475899770494193,"['discharge_index', 'ambient_temperature', 'load_current_amp', 'cutoff_voltage', 'capacity_cycle1', 'early_fade_rate']","['discharge_index', 'ambient_temperature', 'load_current_amp', 'cutoff_voltage', 'capacity_cycle1', 'early_fade_rate']","['discharge_index', 'ambient_temperature', 'capacity_cycle1']","['B0005', 'B0007', 'B0025', 'B0026', 'B0029', 'B0030', 'B0036', 'B0039']","['B0006', 'B0028', 'B0031', 'B0033', 'B0040']",503,334,runs/nasa_battery_reviewer_clean_inner_q_20260825/nasa_battery_capacity_reviewer_clean_inner1/joint_mse_step1/seed4_q4_43f7b3c333e6/result.json,0.6592472720264757,1.610156063846427,0.13972763246470266,0.22096951923912347,60.28365103714168
nasa_battery_capacity_reviewer_clean_inner1,4,joint_mse_step1,condition_raw_q,success,(-discharge_index + q4)/(ambient_temperature**2 + q4 + 1.369715) + 0.3132763,12,0.8136222261079138,-36.243460901060224,0.27299015792233033,6.129803471019035,"['discharge_index', 'ambient_temperature', 'load_current_amp', 'cutoff_voltage', 'q1', 'q2', 'q3', 'q4']","['discharge_index', 'ambient_temperature', 'load_current_amp', 'cutoff_voltage', 'q1', 'q2', 'q3', 'q4']","['discharge_index', 'ambient_temperature', 'q4']","['B0005', 'B0007', 'B0025', 'B0026', 'B0029', 'B0030', 'B0036', 'B0039']","['B0006', 'B0028', 'B0031', 'B0033', 'B0040']",503,334,runs/nasa_battery_reviewer_clean_inner_q_20260825/nasa_battery_capacity_reviewer_clean_inner1/joint_mse_step1/seed4_q4_43f7b3c333e6/result.json,0.6592472720264757,1.610156063846427,0.13972763246470266,0.22096951923912347,53.902786107733846
nasa_battery_capacity_reviewer_clean_inner1,4,,condition_only,success,discharge_index/(-1.6133629),3,0.3842066607840069,0.03838371257641504,0.496212183351902,0.9849687235255029,"['discharge_index', 'ambient_temperature', 'load_current_amp', 'cutoff_voltage']","['discharge_index', 'ambient_temperature', 'load_current_amp', 'cutoff_voltage']",['discharge_index'],"['B0005', 'B0007', 'B0025', 'B0026', 'B0029', 'B0030', 'B0036', 'B0039']","['B0006', 'B0028', 'B0031', 'B0033', 'B0040']",503,334,,,1.610156063846427,0.13972763246470266,0.22096951923912347,47.34475803561509
nasa_battery_capacity_reviewer_clean_inner1,4,,condition_support_stats,success,-discharge_index + support_y_max - support_y_min*(discharge_index*0.2846941 - 0.58583206) + support_y_std,13,0.8288345531601324,-1.4884752342284848,0.2616121914374278,1.584485234294616,"['discharge_index', 'ambient_temperature', 'load_current_amp', 'cutoff_voltage', 'support_y_mean', 'support_y_std', 'support_y_min', 'support_y_max', 'support_y_count']","['discharge_index', 'ambient_temperature', 'load_current_amp', 'cutoff_voltage', 'support_y_mean', 'support_y_std', 'support_y_min', 'support_y_max', 'support_y_count']","['discharge_index', 'support_y_std', 'support_y_min', 'support_y_max']","['B0005', 'B0007', 'B0025', 'B0026', 'B0029', 'B0030', 'B0036', 'B0039']","['B0006', 'B0028', 'B0031', 'B0033', 'B0040']",503,334,,,1.610156063846427,0.13972763246470266,0.22096951923912347,41.79034929163754
nasa_battery_capacity_reviewer_clean_inner2,0,joint_continuity_step1,condition_functional_q,success,cutoff_voltage**2*(discharge_index + 0.27760202 + (early_fade_rate - 0.7502389)/(-cutoff_voltage + load_current_amp))*0.28196687 - discharge_index,18,0.7723898671541816,-0.6934580269848576,0.39723150904888527,0.6028726105584854,"['discharge_index', 'ambient_temperature', 'load_current_amp', 'cutoff_voltage', 'capacity_cycle1', 'early_fade_rate']","['discharge_index', 'ambient_temperature', 'load_current_amp', 'cutoff_voltage', 'capacity_cycle1', 'early_fade_rate']","['discharge_index', 'load_current_amp', 'cutoff_voltage', 'early_fade_rate']","['B0005', 'B0006', 'B0026', 'B0028', 'B0030', 'B0031', 'B0033', 'B0040']","['B0007', 'B0025', 'B0029', 'B0036', 'B0039']",500,337,runs/nasa_battery_reviewer_clean_inner_q_20260825/nasa_battery_capacity_reviewer_clean_inner2/joint_continuity_step1/seed0_q4_bc802abc5717/result.json,1.6654923593633597,1.4915240328105495,0.20528950624400308,0.2465578624030543,42.49861972220242
nasa_battery_capacity_reviewer_clean_inner2,0,joint_continuity_step1,condition_raw_q,success,-discharge_index - 0.0664048*exp(load_current_amp - q2),8,0.6687668996631382,-45596635.4778545,0.4791977374042848,3128.273666246796,"['discharge_index', 'ambient_temperature', 'load_current_amp', 'cutoff_voltage', 'q1', 'q2', 'q3', 'q4']","['discharge_index', 'ambient_temperature', 'load_current_amp', 'cutoff_voltage', 'q1', 'q2', 'q3', 'q4']","['discharge_index', 'load_current_amp', 'q2']","['B0005', 'B0006', 'B0026', 'B0028', 'B0030', 'B0031', 'B0033', 'B0040']","['B0007', 'B0025', 'B0029', 'B0036', 'B0039']",500,337,runs/nasa_battery_reviewer_clean_inner_q_20260825/nasa_battery_capacity_reviewer_clean_inner2/joint_continuity_step1/seed0_q4_bc802abc5717/result.json,1.6654923593633597,1.4915240328105495,0.20528950624400308,0.2465578624030543,37.09400250017643
nasa_battery_capacity_reviewer_clean_inner2,0,joint_mse_step1,condition_functional_q,success,-discharge_index - 0.07083475/(-discharge_index - 0.8732467),7,0.6428792955589728,-3.2683207713660067,0.4975713991903425,0.9571210331064612,"['discharge_index', 'ambient_temperature', 'load_current_amp', 'cutoff_voltage', 'capacity_cycle1', 'early_fade_rate']","['discharge_index', 'ambient_temperature', 'load_current_amp', 'cutoff_voltage', 'capacity_cycle1', 'early_fade_rate']",['discharge_index'],"['B0005', 'B0006', 'B0026', 'B0028', 'B0030', 'B0031', 'B0033', 'B0040']","['B0007', 'B0025', 'B0029', 'B0036', 'B0039']",500,337,runs/nasa_battery_reviewer_clean_inner_q_20260825/nasa_battery_capacity_reviewer_clean_inner2/joint_mse_step1/seed0_q4_c95c82ed4f2e/result.json,2.1494542020871177,1.4915240328105495,0.20528950624400308,0.2465578624030543,59.05693593248725
nasa_battery_capacity_reviewer_clean_inner2,0,joint_mse_step1,condition_raw_q,success,discharge_index*(-0.76997113),3,0.592704074083658,-2.492891210829876,0.5313772133932871,0.8658264818330282,"['discharge_index', 'ambient_temperature', 'load_current_amp', 'cutoff_voltage', 'q1', 'q2', 'q3', 'q4']","['discharge_index', 'ambient_temperature', 'load_current_amp', 'cutoff_voltage', 'q1', 'q2', 'q3', 'q4']",['discharge_index'],"['B0005', 'B0006', 'B0026', 'B0028', 'B0030', 'B0031', 'B0033', 'B0040']","['B0007', 'B0025', 'B0029', 'B0036', 'B0039']",500,337,runs/nasa_battery_reviewer_clean_inner_q_20260825/nasa_battery_capacity_reviewer_clean_inner2/joint_mse_step1/seed0_q4_c95c82ed4f2e/result.json,2.1494542020871177,1.4915240328105495,0.20528950624400308,0.2465578624030543,64.89355669915676
nasa_battery_capacity_reviewer_clean_inner2,0,,condition_only,success,ambient_temperature*exp(cutoff_voltage**2 + cutoff_voltage + load_current_amp)*(-0.074317165) - discharge_index,13,0.6765070020432673,-2.9366234343966724,0.4735658059248276,0.9191793771563429,"['discharge_index', 'ambient_temperature', 'load_current_amp', 'cutoff_voltage']","['discharge_index', 'ambient_temperature', 'load_current_amp', 'cutoff_voltage']","['discharge_index', 'ambient_temperature', 'load_current_amp', 'cutoff_voltage']","['B0005', 'B0006', 'B0026', 'B0028', 'B0030', 'B0031', 'B0033', 'B0040']","['B0007', 'B0025', 'B0029', 'B0036', 'B0039']",500,337,,,1.4915240328105495,0.20528950624400308,0.2465578624030543,53.872511787340045
nasa_battery_capacity_reviewer_clean_inner2,0,,condition_support_stats,success,(7.5986185 - (support_y_mean**2 + 0.4683328)*exp(load_current_amp))*(-0.11791859)*discharge_index,13,0.7111892595148077,-3.578366473008721,0.4474603561993999,0.9912737630610073,"['discharge_index', 'ambient_temperature', 'load_current_amp', 'cutoff_voltage', 'support_y_mean', 'support_y_std', 'support_y_min', 'support_y_max', 'support_y_count']","['discharge_index', 'ambient_temperature', 'load_current_amp', 'cutoff_voltage', 'support_y_mean', 'support_y_std', 'support_y_min', 'support_y_max', 'support_y_count']","['discharge_index', 'load_current_amp', 'support_y_mean']","['B0005', 'B0006', 'B0026', 'B0028', 'B0030', 'B0031', 'B0033', 'B0040']","['B0007', 'B0025', 'B0029', 'B0036', 'B0039']",500,337,,,1.4915240328105495,0.20528950624400308,0.2465578624030543,62.031799018383026
nasa_battery_capacity_reviewer_clean_inner2,1,joint_continuity_step1,condition_functional_q,success,ambient_temperature*exp(load_current_amp*(0.12246996 - capacity_cycle1))*(-0.06543126) - discharge_index,12,0.6903156941484295,-143.5317422638763,0.4633482129818475,5.569548037841524,"['discharge_index', 'ambient_temperature', 'load_current_amp', 'cutoff_voltage', 'capacity_cycle1', 'early_fade_rate']","['discharge_index', 'ambient_temperature', 'load_current_amp', 'cutoff_voltage', 'capacity_cycle1', 'early_fade_rate']","['discharge_index', 'ambient_temperature', 'load_current_amp', 'capacity_cycle1']","['B0005', 'B0006', 'B0026', 'B0028', 'B0030', 'B0031', 'B0033', 'B0040']","['B0007', 'B0025', 'B0029', 'B0036', 'B0039']",500,337,runs/nasa_battery_reviewer_clean_inner_q_20260825/nasa_battery_capacity_reviewer_clean_inner2/joint_continuity_step1/seed1_q4_fad16536e188/result.json,0.9608731902218751,1.4915240328105495,0.20528950624400308,0.2465578624030543,59.01408877968788
nasa_battery_capacity_reviewer_clean_inner2,1,joint_continuity_step1,condition_raw_q,success,discharge_index/(-1.9125981) - q2/(load_current_amp - q1 + 2.0583212),11,0.6710317029706138,-493.5975044465363,0.47755667231774773,10.303014132278996,"['discharge_index', 'ambient_temperature', 'load_current_amp', 'cutoff_voltage', 'q1', 'q2', 'q3', 'q4']","['discharge_index', 'ambient_temperature', 'load_current_amp', 'cutoff_voltage', 'q1', 'q2', 'q3', 'q4']","['discharge_index', 'load_current_amp', 'q1', 'q2']","['B0005', 'B0006', 'B0026', 'B0028', 'B0030', 'B0031', 'B0033', 'B0040']","['B0007', 'B0025', 'B0029', 'B0036', 'B0039']",500,337,runs/nasa_battery_reviewer_clean_inner_q_20260825/nasa_battery_capacity_reviewer_clean_inner2/joint_continuity_step1/seed1_q4_fad16536e188/result.json,0.9608731902218751,1.4915240328105495,0.20528950624400308,0.2465578624030543,60.45242744870484
nasa_battery_capacity_reviewer_clean_inner2,1,joint_mse_step1,condition_functional_q,success,-discharge_index + exp(load_current_amp*cutoff_voltage*4.395242)*early_fade_rate*(-0.050606765)*load_current_amp,14,0.7186016746420317,-3.0586789996341546,0.4416809296961899,0.9333202471008963,"['discharge_index', 'ambient_temperature', 'load_current_amp', 'cutoff_voltage', 'capacity_cycle1', 'early_fade_rate']","['discharge_index', 'ambient_temperature', 'load_current_amp', 'cutoff_voltage', 'capacity_cycle1', 'early_fade_rate']","['discharge_index', 'load_current_amp', 'cutoff_voltage', 'early_fade_rate']","['B0005', 'B0006', 'B0026', 'B0028', 'B0030', 'B0031', 'B0033', 'B0040']","['B0007', 'B0025', 'B0029', 'B0036', 'B0039']",500,337,runs/nasa_battery_reviewer_clean_inner_q_20260825/nasa_battery_capacity_reviewer_clean_inner2/joint_mse_step1/seed1_q4_613e58e5873c/result.json,1.0725491649216308,1.4915240328105495,0.20528950624400308,0.2465578624030543,62.12123947404325
nasa_battery_capacity_reviewer_clean_inner2,1,joint_mse_step1,condition_raw_q,success,discharge_index*0.06901046*(exp(q1*(load_current_amp + 1.0579824)) - 1*14.627145),12,0.7015035771841254,-6.852759439949907,0.4549015948717011,1.298223546695866,"['discharge_index', 'ambient_temperature', 'load_current_amp', 'cutoff_voltage', 'q1', 'q2', 'q3', 'q4']","['discharge_index', 'ambient_temperature', 'load_current_amp', 'cutoff_voltage', 'q1', 'q2', 'q3', 'q4']","['discharge_index', 'load_current_amp', 'q1']","['B0005', 'B0006', 'B0026', 'B0028', 'B0030', 'B0031', 'B0033', 'B0040']","['B0007', 'B0025', 'B0029', 'B0036', 'B0039']",500,337,runs/nasa_battery_reviewer_clean_inner_q_20260825/nasa_battery_capacity_reviewer_clean_inner2/joint_mse_step1/seed1_q4_613e58e5873c/result.json,1.0725491649216308,1.4915240328105495,0.20528950624400308,0.2465578624030543,59.3304490391165
nasa_battery_capacity_reviewer_clean_inner2,1,,condition_only,success,(-discharge_index**2 + (0.0822799053463781*cutoff_voltage**4*discharge_index**4*exp(2*cutoff_voltage))*exp(2*load_current_amp))/discharge_index,19,0.7556866954467969,-2.242832885558176,0.4115489073471773,0.8342584600314216,"['discharge_index', 'ambient_temperature', 'load_current_amp', 'cutoff_voltage']","['discharge_index', 'ambient_temperature', 'load_current_amp', 'cutoff_voltage']","['discharge_index', 'load_current_amp', 'cutoff_voltage']","['B0005', 'B0006', 'B0026', 'B0028', 'B0030', 'B0031', 'B0033', 'B0040']","['B0007', 'B0025', 'B0029', 'B0036', 'B0039']",500,337,,,1.4915240328105495,0.20528950624400308,0.2465578624030543,65.2091190200299
nasa_battery_capacity_reviewer_clean_inner2,1,,condition_support_stats,success,-0.83275974*(cutoff_voltage**2*(cutoff_voltage + load_current_amp)**2 + discharge_index),10,0.7080238171053173,-5.318971361314818,0.4499058159015412,1.1645590874857752,"['discharge_index', 'ambient_temperature', 'load_current_amp', 'cutoff_voltage', 'support_y_mean', 'support_y_std', 'support_y_min', 'support_y_max', 'support_y_count']","['discharge_index', 'ambient_temperature', 'load_current_amp', 'cutoff_voltage', 'support_y_mean', 'support_y_std', 'support_y_min', 'support_y_max', 'support_y_count']","['discharge_index', 'load_current_amp', 'cutoff_voltage']","['B0005', 'B0006', 'B0026', 'B0028', 'B0030', 'B0031', 'B0033', 'B0040']","['B0007', 'B0025', 'B0029', 'B0036', 'B0039']",500,337,,,1.4915240328105495,0.20528950624400308,0.2465578624030543,60.3785388674587
nasa_battery_capacity_reviewer_clean_inner2,2,joint_continuity_step1,condition_functional_q,success,early_fade_rate*capacity_cycle1*0.078969136/(load_current_amp - 1.3556327) - discharge_index,11,0.655625822705513,-26.160336776961923,0.48861093633083263,2.414381587944172,"['discharge_index', 'ambient_temperature', 'load_current_amp', 'cutoff_voltage', 'capacity_cycle1', 'early_fade_rate']","['discharge_index', 'ambient_temperature', 'load_current_amp', 'cutoff_voltage', 'capacity_cycle1', 'early_fade_rate']","['discharge_index', 'load_current_amp', 'capacity_cycle1', 'early_fade_rate']","['B0005', 'B0006', 'B0026', 'B0028', 'B0030', 'B0031', 'B0033', 'B0040']","['B0007', 'B0025', 'B0029', 'B0036', 'B0039']",500,337,runs/nasa_battery_reviewer_clean_inner_q_20260825/nasa_battery_capacity_reviewer_clean_inner2/joint_continuity_step1/seed2_q4_83af1173282b/result.json,1.169409997993463,1.4915240328105495,0.20528950624400308,0.2465578624030543,51.2170292660594
nasa_battery_capacity_reviewer_clean_inner2,2,joint_continuity_step1,condition_raw_q,success,discharge_index*(exp(load_current_amp + q1)*0.07994669 - 1*0.9563433),10,0.6944306062597425,-3.19554904268264e+27,0.4602595624577676,26188527418761.145,"['discharge_index', 'ambient_temperature', 'load_current_amp', 'cutoff_voltage', 'q1', 'q2', 'q3', 'q4']","['discharge_index', 'ambient_temperature', 'load_current_amp', 'cutoff_voltage', 'q1', 'q2', 'q3', 'q4']","['discharge_index', 'load_current_amp', 'q1']","['B0005', 'B0006', 'B0026', 'B0028', 'B0030', 'B0031', 'B0033', 'B0040']","['B0007', 'B0025', 'B0029', 'B0036', 'B0039']",500,337,runs/nasa_battery_reviewer_clean_inner_q_20260825/nasa_battery_capacity_reviewer_clean_inner2/joint_continuity_step1/seed2_q4_83af1173282b/result.json,1.169409997993463,1.4915240328105495,0.20528950624400308,0.2465578624030543,51.38225913234055
nasa_battery_capacity_reviewer_clean_inner2,2,joint_mse_step1,condition_functional_q,success,capacity_cycle1*(ambient_temperature - discharge_index + 0.8046637)*0.09808251*(capacity_cycle1 - load_current_amp)**2 - discharge_index,16,0.744217122550052,-1120.6471737714664,0.4210984359372937,15.515524747357938,"['discharge_index', 'ambient_temperature', 'load_current_amp', 'cutoff_voltage', 'capacity_cycle1', 'early_fade_rate']","['discharge_index', 'ambient_temperature', 'load_current_amp', 'cutoff_voltage', 'capacity_cycle1', 'early_fade_rate']","['discharge_index', 'ambient_temperature', 'load_current_amp', 'capacity_cycle1']","['B0005', 'B0006', 'B0026', 'B0028', 'B0030', 'B0031', 'B0033', 'B0040']","['B0007', 'B0025', 'B0029', 'B0036', 'B0039']",500,337,runs/nasa_battery_reviewer_clean_inner_q_20260825/nasa_battery_capacity_reviewer_clean_inner2/joint_mse_step1/seed2_q4_edafe672515a/result.json,1.539657746654364,1.4915240328105495,0.20528950624400308,0.2465578624030543,44.825940515846014
nasa_battery_capacity_reviewer_clean_inner2,2,joint_mse_step1,condition_raw_q,success,discharge_index*(ambient_temperature*cutoff_voltage*1.0039719 + load_current_amp)**4/24.182854 - discharge_index,15,0.7225534477900195,-3.1642833578379808,0.438568625921816,0.9453844874830732,"['discharge_index', 'ambient_temperature', 'load_current_amp', 'cutoff_voltage', 'q1', 'q2', 'q3', 'q4']","['discharge_index', 'ambient_temperature', 'load_current_amp', 'cutoff_voltage', 'q1', 'q2', 'q3', 'q4']","['discharge_index', 'ambient_temperature', 'load_current_amp', 'cutoff_voltage']","['B0005', 'B0006', 'B0026', 'B0028', 'B0030', 'B0031', 'B0033', 'B0040']","['B0007', 'B0025', 'B0029', 'B0036', 'B0039']",500,337,runs/nasa_battery_reviewer_clean_inner_q_20260825/nasa_battery_capacity_reviewer_clean_inner2/joint_mse_step1/seed2_q4_edafe672515a/result.json,1.539657746654364,1.4915240328105495,0.20528950624400308,0.2465578624030543,67.17436155118048
nasa_battery_capacity_reviewer_clean_inner2,2,,condition_only,success,discharge_index*(0.150404011118594*ambient_temperature**2*cutoff_voltage**2*(-cutoff_voltage*load_current_amp + discharge_index)**2) - discharge_index,16,0.7160707542235846,-2.7333050929138256,0.4436627414073698,0.8951278645379225,"['discharge_index', 'ambient_temperature', 'load_current_amp', 'cutoff_voltage']","['discharge_index', 'ambient_temperature', 'load_current_amp', 'cutoff_voltage']","['discharge_index', 'ambient_temperature', 'load_current_amp', 'cutoff_voltage']","['B0005', 'B0006', 'B0026', 'B0028', 'B0030', 'B0031', 'B0033', 'B0040']","['B0007', 'B0025', 'B0029', 'B0036', 'B0039']",500,337,,,1.4915240328105495,0.20528950624400308,0.2465578624030543,59.06034164130688
nasa_battery_capacity_reviewer_clean_inner2,2,,condition_support_stats,success,discharge_index*(-0.769857),3,0.5927040835093922,-2.4924980209669365,0.5313772072446615,0.8657777480253799,"['discharge_index', 'ambient_temperature', 'load_current_amp', 'cutoff_voltage', 'support_y_mean', 'support_y_std', 'support_y_min', 'support_y_max', 'support_y_count']","['discharge_index', 'ambient_temperature', 'load_current_amp', 'cutoff_voltage', 'support_y_mean', 'support_y_std', 'support_y_min', 'support_y_max', 'support_y_count']",['discharge_index'],"['B0005', 'B0006', 'B0026', 'B0028', 'B0030', 'B0031', 'B0033', 'B0040']","['B0007', 'B0025', 'B0029', 'B0036', 'B0039']",500,337,,,1.4915240328105495,0.20528950624400308,0.2465578624030543,60.335446517914534
nasa_battery_capacity_reviewer_clean_inner2,3,joint_continuity_step1,condition_functional_q,success,discharge_index/(-0.1625085*discharge_index*early_fade_rate/(exp(load_current_amp/(-1.2433189))/(-1.1025301)) - 1.1109422),16,0.7333992063532726,-1.9603783762368931,0.42991105499194415,0.7970984173014627,"['discharge_index', 'ambient_temperature', 'load_current_amp', 'cutoff_voltage', 'capacity_cycle1', 'early_fade_rate']","['discharge_index', 'ambient_temperature', 'load_current_amp', 'cutoff_voltage', 'capacity_cycle1', 'early_fade_rate']","['discharge_index', 'load_current_amp', 'early_fade_rate']","['B0005', 'B0006', 'B0026', 'B0028', 'B0030', 'B0031', 'B0033', 'B0040']","['B0007', 'B0025', 'B0029', 'B0036', 'B0039']",500,337,runs/nasa_battery_reviewer_clean_inner_q_20260825/nasa_battery_capacity_reviewer_clean_inner2/joint_continuity_step1/seed3_q4_b28f016a3f81/result.json,1.0807902032795025,1.4915240328105495,0.20528950624400308,0.2465578624030543,65.93115469254553
nasa_battery_capacity_reviewer_clean_inner2,3,joint_continuity_step1,condition_raw_q,success,-discharge_index + 0.013374508/(((1.0599113 - load_current_amp)/exp(q4))),10,0.6578859165785025,-22114.3500006017,0.48700494422930884,68.89460962331286,"['discharge_index', 'ambient_temperature', 'load_current_amp', 'cutoff_voltage', 'q1', 'q2', 'q3', 'q4']","['discharge_index', 'ambient_temperature', 'load_current_amp', 'cutoff_voltage', 'q1', 'q2', 'q3', 'q4']","['discharge_index', 'load_current_amp', 'q4']","['B0005', 'B0006', 'B0026', 'B0028', 'B0030', 'B0031', 'B0033', 'B0040']","['B0007', 'B0025', 'B0029', 'B0036', 'B0039']",500,337,runs/nasa_battery_reviewer_clean_inner_q_20260825/nasa_battery_capacity_reviewer_clean_inner2/joint_continuity_step1/seed3_q4_b28f016a3f81/result.json,1.0807902032795025,1.4915240328105495,0.20528950624400308,0.2465578624030543,44.12223616428673
nasa_battery_capacity_reviewer_clean_inner2,3,joint_mse_step1,condition_functional_q,success,discharge_index*(exp(-capacity_cycle1 + load_current_amp)*0.13724716 - 1*1.1398135),10,0.65986043217414,-2980.8512804839534,0.4855975330871242,25.297716702002443,"['discharge_index', 'ambient_temperature', 'load_current_amp', 'cutoff_voltage', 'capacity_cycle1', 'early_fade_rate']","['discharge_index', 'ambient_temperature', 'load_current_amp', 'cutoff_voltage', 'capacity_cycle1', 'early_fade_rate']","['discharge_index', 'load_current_amp', 'capacity_cycle1']","['B0005', 'B0006', 'B0026', 'B0028', 'B0030', 'B0031', 'B0033', 'B0040']","['B0007', 'B0025', 'B0029', 'B0036', 'B0039']",500,337,runs/nasa_battery_reviewer_clean_inner_q_20260825/nasa_battery_capacity_reviewer_clean_inner2/joint_mse_step1/seed3_q4_05e663c407c1/result.json,0.46848077086845097,1.4915240328105495,0.20528950624400308,0.2465578624030543,62.96339812502265
nasa_battery_capacity_reviewer_clean_inner2,3,joint_mse_step1,condition_raw_q,success,discharge_index*(-0.76986283),3,0.592704083659295,-2.4925181038089512,0.5313772071468765,0.8657802372540971,"['discharge_index', 'ambient_temperature', 'load_current_amp', 'cutoff_voltage', 'q1', 'q2', 'q3', 'q4']","['discharge_index', 'ambient_temperature', 'load_current_amp', 'cutoff_voltage', 'q1', 'q2', 'q3', 'q4']",['discharge_index'],"['B0005', 'B0006', 'B0026', 'B0028', 'B0030', 'B0031', 'B0033', 'B0040']","['B0007', 'B0025', 'B0029', 'B0036', 'B0039']",500,337,runs/nasa_battery_reviewer_clean_inner_q_20260825/nasa_battery_capacity_reviewer_clean_inner2/joint_mse_step1/seed3_q4_05e663c407c1/result.json,0.46848077086845097,1.4915240328105495,0.20528950624400308,0.2465578624030543,48.59530985169113
nasa_battery_capacity_reviewer_clean_inner2,3,,condition_only,success,discharge_index*((discharge_index - 1*72.766365)*load_current_amp*0.011152671 + exp((cutoff_voltage + load_current_amp)**2)*0.044693004)/load_current_amp,19,0.7548908651687968,-3.194584781511816,0.41221865555362,0.9488178000828542,"['discharge_index', 'ambient_temperature', 'load_current_amp', 'cutoff_voltage']","['discharge_index', 'ambient_temperature', 'load_current_amp', 'cutoff_voltage']","['discharge_index', 'load_current_amp', 'cutoff_voltage']","['B0005', 'B0006', 'B0026', 'B0028', 'B0030', 'B0031', 'B0033', 'B0040']","['B0007', 'B0025', 'B0029', 'B0036', 'B0039']",500,337,,,1.4915240328105495,0.20528950624400308,0.2465578624030543,51.19993295893073
nasa_battery_capacity_reviewer_clean_inner2,3,,condition_support_stats,success,discharge_index*((load_current_amp - support_y_mean)**2*0.22157986 - 1*1.1991415),10,0.6862336631761012,-4.866201190654983,0.4663919735086982,1.1220618897159886,"['discharge_index', 'ambient_temperature', 'load_current_amp', 'cutoff_voltage', 'support_y_mean', 'support_y_std', 'support_y_min', 'support_y_max', 'support_y_count']","['discharge_index', 'ambient_temperature', 'load_current_amp', 'cutoff_voltage', 'support_y_mean', 'support_y_std', 'support_y_min', 'support_y_max', 'support_y_count']","['discharge_index', 'load_current_amp', 'support_y_mean']","['B0005', 'B0006', 'B0026', 'B0028', 'B0030', 'B0031', 'B0033', 'B0040']","['B0007', 'B0025', 'B0029', 'B0036', 'B0039']",500,337,,,1.4915240328105495,0.20528950624400308,0.2465578624030543,54.75466696359217
nasa_battery_capacity_reviewer_clean_inner2,4,joint_continuity_step1,condition_functional_q,success,discharge_index*(-0.76716465 + 0.4718742/(-cutoff_voltage + load_current_amp + load_current_amp)),11,0.6698110143912139,-3.65322982173838,0.4784418764577084,0.999345328185276,"['discharge_index', 'ambient_temperature', 'load_current_amp', 'cutoff_voltage', 'capacity_cycle1', 'early_fade_rate']","['discharge_index', 'ambient_temperature', 'load_current_amp', 'cutoff_voltage', 'capacity_cycle1', 'early_fade_rate']","['discharge_index', 'load_current_amp', 'cutoff_voltage']","['B0005', 'B0006', 'B0026', 'B0028', 'B0030', 'B0031', 'B0033', 'B0040']","['B0007', 'B0025', 'B0029', 'B0036', 'B0039']",500,337,runs/nasa_battery_reviewer_clean_inner_q_20260825/nasa_battery_capacity_reviewer_clean_inner2/joint_continuity_step1/seed4_q4_f34dded37ea6/result.json,1.1931607523730474,1.4915240328105495,0.20528950624400308,0.2465578624030543,62.65724500082433
nasa_battery_capacity_reviewer_clean_inner2,4,joint_continuity_step1,condition_raw_q,success,-discharge_index/1.2917795 + 0.11216901/(load_current_amp - exp(cutoff_voltage - 1*0.8883181)),12,0.71334617514285,-2.9076621507982794,0.4457863482246247,0.9157919872784929,"['discharge_index', 'ambient_temperature', 'load_current_amp', 'cutoff_voltage', 'q1', 'q2', 'q3', 'q4']","['discharge_index', 'ambient_temperature', 'load_current_amp', 'cutoff_voltage', 'q1', 'q2', 'q3', 'q4']","['discharge_index', 'load_current_amp', 'cutoff_voltage']","['B0005', 'B0006', 'B0026', 'B0028', 'B0030', 'B0031', 'B0033', 'B0040']","['B0007', 'B0025', 'B0029', 'B0036', 'B0039']",500,337,runs/nasa_battery_reviewer_clean_inner_q_20260825/nasa_battery_capacity_reviewer_clean_inner2/joint_continuity_step1/seed4_q4_f34dded37ea6/result.json,1.1931607523730474,1.4915240328105495,0.20528950624400308,0.2465578624030543,61.29598118364811
nasa_battery_capacity_reviewer_clean_inner2,4,joint_mse_step1,condition_functional_q,success,discharge_index*(-0.7698572),3,0.5927040835156607,-2.4924987099114206,0.5313772072405722,0.8657778334188104,"['discharge_index', 'ambient_temperature', 'load_current_amp', 'cutoff_voltage', 'capacity_cycle1', 'early_fade_rate']","['discharge_index', 'ambient_temperature', 'load_current_amp', 'cutoff_voltage', 'capacity_cycle1', 'early_fade_rate']",['discharge_index'],"['B0005', 'B0006', 'B0026', 'B0028', 'B0030', 'B0031', 'B0033', 'B0040']","['B0007', 'B0025', 'B0029', 'B0036', 'B0039']",500,337,runs/nasa_battery_reviewer_clean_inner_q_20260825/nasa_battery_capacity_reviewer_clean_inner2/joint_mse_step1/seed4_q4_e4c6d3fcb586/result.json,0.8378159287829788,1.4915240328105495,0.20528950624400308,0.2465578624030543,63.767137760296464
nasa_battery_capacity_reviewer_clean_inner2,4,joint_mse_step1,condition_raw_q,success,discharge_index*exp(load_current_amp*exp(q1))*0.05887918 - discharge_index,11,0.7421315479569353,-1.8828122622392703e+90,0.4228117039652719,6.356848251170872e+44,"['discharge_index', 'ambient_temperature', 'load_current_amp', 'cutoff_voltage', 'q1', 'q2', 'q3', 'q4']","['discharge_index', 'ambient_temperature', 'load_current_amp', 'cutoff_voltage', 'q1', 'q2', 'q3', 'q4']","['discharge_index', 'load_current_amp', 'q1']","['B0005', 'B0006', 'B0026', 'B0028', 'B0030', 'B0031', 'B0033', 'B0040']","['B0007', 'B0025', 'B0029', 'B0036', 'B0039']",500,337,runs/nasa_battery_reviewer_clean_inner_q_20260825/nasa_battery_capacity_reviewer_clean_inner2/joint_mse_step1/seed4_q4_e4c6d3fcb586/result.json,0.8378159287829788,1.4915240328105495,0.20528950624400308,0.2465578624030543,54.55895850993693
nasa_battery_capacity_reviewer_clean_inner2,4,,condition_only,success,-discharge_index - 0.21447052/(ambient_temperature + log(discharge_index**2) - 1.9504508),11,0.6640482220854599,-3.0864713561667294,0.48259894247531165,0.9365103139872473,"['discharge_index', 'ambient_temperature', 'load_current_amp', 'cutoff_voltage']","['discharge_index', 'ambient_temperature', 'load_current_amp', 'cutoff_voltage']","['discharge_index', 'ambient_temperature']","['B0005', 'B0006', 'B0026', 'B0028', 'B0030', 'B0031', 'B0033', 'B0040']","['B0007', 'B0025', 'B0029', 'B0036', 'B0039']",500,337,,,1.4915240328105495,0.20528950624400308,0.2465578624030543,36.25974495150149
nasa_battery_capacity_reviewer_clean_inner2,4,,condition_support_stats,success,discharge_index/(-1.2987201),3,0.5927040702831554,-2.4929522758395164,0.5313772158724434,0.8658340502724937,"['discharge_index', 'ambient_temperature', 'load_current_amp', 'cutoff_voltage', 'support_y_mean', 'support_y_std', 'support_y_min', 'support_y_max', 'support_y_count']","['discharge_index', 'ambient_temperature', 'load_current_amp', 'cutoff_voltage', 'support_y_mean', 'support_y_std', 'support_y_min', 'support_y_max', 'support_y_count']",['discharge_index'],"['B0005', 'B0006', 'B0026', 'B0028', 'B0030', 'B0031', 'B0033', 'B0040']","['B0007', 'B0025', 'B0029', 'B0036', 'B0039']",500,337,,,1.4915240328105495,0.20528950624400308,0.2465578624030543,46.91877708397806
