regime,method,candidate_id,selected,expression_family,lambda,expected_query_rows,prediction_rows,finite_prediction_rows,coverage_complete,entity_count,finite_entity_count,physical_r2,rmse,mae,median_entity_nrmse,p90_entity_nrmse,p95_entity_nrmse,max_entity_nrmse,entity_r2_ge_0_85_count,entity_r2_finite_count,negative_prediction_count,negative_prediction_fraction,sse,sse_top1_fraction,sse_top3_fraction,sse_top5_fraction
four_support,expression,constant__lambda_0,False,constant,0.0,22754,22754,22754,True,247,247,-0.6536136647926296,1055.8721174217255,169.67161677798356,1.0020246162242756,1.0341979461245283,1.0662685423242644,3.19409044876256,0,247,0,0.0,25367659333.644913,0.8826071281438668,0.9805381009039402,0.9839203255068849
four_support,expression,constant__lambda_0.0001,False,constant,0.0001,22754,22754,22754,True,247,247,-0.6536136647926296,1055.8721174217255,169.67161677798356,1.0020246162242756,1.0341979461245288,1.0662685423242642,3.19409044876256,0,247,0,0.0,25367659333.644913,0.8826071281438668,0.9805381009039402,0.9839203255068849
four_support,expression,constant__lambda_0.01,False,constant,0.01,22754,22754,22754,True,247,247,-0.6536136647926296,1055.8721174217255,169.67161677798356,1.0020246162242756,1.0341979461245288,1.0662685423242642,3.19409044876256,0,247,0,0.0,25367659333.644913,0.8826071281438668,0.9805381009039402,0.9839203255068849
four_support,expression,constant__lambda_1,False,constant,1.0,22754,22754,22754,True,247,247,-0.6536136647926296,1055.8721174217255,169.67161677798356,1.0020246162242756,1.0341979461245288,1.0662685423242642,3.19409044876256,0,247,0,0.0,25367659333.644913,0.8826071281438668,0.9805381009039402,0.9839203255068849
four_support,expression,constant__lambda_1e-06,False,constant,1e-06,22754,22754,22754,True,247,247,-0.6536136647926296,1055.8721174217255,169.67161677798356,1.0020246162242756,1.0341979461245288,1.0662685423242642,3.19409044876256,0,247,0,0.0,25367659333.644913,0.8826071281438668,0.9805381009039402,0.9839203255068849
four_support,expression,constant__lambda_1e-08,False,constant,1e-08,22754,22754,22754,True,247,247,-0.6536136647926296,1055.8721174217255,169.67161677798356,1.0020246162242756,1.0341979461245288,1.0662685423242642,3.19409044876256,0,247,0,0.0,25367659333.644913,0.8826071281438668,0.9805381009039402,0.9839203255068849
four_support,expression,cubic_t__lambda_0,False,cubic_t,0.0,22754,22754,22754,True,247,247,-1.4842248568260277,1294.165287302892,75.99458600045448,0.06288939315485895,0.35718270145946784,0.6533957986915834,2.9043821404821584,226,247,394,0.017315636811110133,38109850697.223366,0.9170532980870867,0.9988822000160313,0.9998673259156738
four_support,expression,cubic_t__lambda_0.0001,False,cubic_t,0.0001,22754,22754,22754,True,247,247,-1.471599411402059,1290.8724641276433,73.68337976372369,0.06467519208751293,0.25673526922181167,0.4045207916941281,2.93095235008793,233,247,566,0.024874747297178517,37916167006.00222,0.915317328889617,0.9990401560440059,0.9999337297653416
four_support,expression,cubic_t__lambda_0.01,False,cubic_t,0.01,22754,22754,22754,True,247,247,-1.7180239765465783,1353.6953498445812,86.45987565527,0.08490665268257383,0.2928210836986594,0.4810835925395653,3.2701389603552022,230,247,608,0.026720576601916148,41696502493.74245,0.9044276348446232,0.9987668449385543,0.9999056003225766
four_support,expression,cubic_t__lambda_1,False,cubic_t,1.0,22754,22754,22754,True,247,247,-1.4474160905145363,1284.541680762272,103.20425461006691,0.26108861545128553,0.49020255318730455,0.5833421563450317,3.5735198689964998,188,247,126,0.005537487914212886,37545176938.072525,0.8905546025899461,0.9978539933838758,0.9993989749704213
four_support,expression,cubic_t__lambda_1e-06,False,cubic_t,1e-06,22754,22754,22754,True,247,247,-1.4837066916779054,1294.0303103264814,75.57193341954537,0.06290785850526848,0.3507971431560898,0.6304554230893264,2.90464451816571,227,247,386,0.016964050276874396,38101901659.76921,0.9171536099034961,0.9990140216016178,0.9998957485149373
four_support,expression,cubic_t__lambda_1e-08,False,cubic_t,1e-08,22754,22754,22754,True,247,247,-1.4841976196736693,1294.15819264042,75.97561160680304,0.06288957787002236,0.35706817832551124,0.6534232005036874,2.904384763311334,226,247,392,0.0172277401775512,38109432859.117065,0.9170624396729081,0.9988923830818426,0.9998673969221203
four_support,expression,linear_t__lambda_0,False,linear_t,0.0,22754,22754,22754,True,247,247,-1.7068368461513819,1350.9066361576004,109.58869546161384,0.15399887173484053,0.42693257390345685,0.6130682634199077,4.298799745498146,215,247,322,0.014151358002988485,41524883621.19159,0.8856099784778998,0.9979259243570734,0.9998024627545978
four_support,expression,linear_t__lambda_0.0001,False,linear_t,0.0001,22754,22754,22754,True,247,247,-1.7067678535251916,1350.889419901918,109.5870564450329,0.15400570878471265,0.4269260302883168,0.6130639826648743,4.298733586348236,215,247,322,0.014151358002988485,41523825223.16611,0.8856100398906938,0.9979258958548425,0.9998024707270655
four_support,expression,linear_t__lambda_0.01,False,linear_t,0.01,22754,22754,22754,True,247,247,-1.699965123308795,1349.1908040580895,109.4281268126638,0.15395045618421418,0.426287380471874,0.612645576371659,4.292205522855887,215,247,315,0.013843719785532215,41419466299.22731,0.8856160935453494,0.9979230107484159,0.999803196014706
four_support,expression,linear_t__lambda_1,False,linear_t,1.0,22754,22754,22754,True,247,247,-1.223137246245162,1224.2706349762425,108.27594666981446,0.22712785088475929,0.45436811468304716,0.5737796327336415,3.8089469076724765,206,247,68,0.0029884855410037795,34104573223.732407,0.8859992140095588,0.9974710706334329,0.9993817921979053
four_support,expression,linear_t__lambda_1e-06,False,linear_t,1e-06,22754,22754,22754,True,247,247,-1.7068361561974865,1350.906463989234,109.58867906856693,0.1539989400904633,0.4269325084581124,0.6130682206069478,4.298799083884894,215,247,322,0.014151358002988485,41524873036.787415,0.8856099790920542,0.9979259240721148,0.9998024628343869
four_support,expression,linear_t__lambda_1e-08,False,linear_t,1e-08,22754,22754,22754,True,247,247,-1.7068368392518414,1350.9066344359164,109.58869529768339,0.15399887241839813,0.42693257324900774,0.6130682629917784,4.29879973888201,215,247,322,0.014151358002988485,41524883515.34753,0.8856099784840415,0.9979259243542239,0.9998024627553959
four_support,expression,quadratic_t__lambda_0,False,quadratic_t,0.0,22754,22754,22754,True,247,247,-1.9182722388935312,1402.6754541542307,95.49698117980476,0.07954538105363443,0.290058262252605,0.47319137985657117,3.707901120854948,231,247,793,0.03485101520611761,44768459269.092926,0.9018383408687702,0.9984897599092941,0.9999138987244199
four_support,expression,quadratic_t__lambda_0.0001,False,quadratic_t,0.0001,22754,22754,22754,True,247,247,-1.9165880528435908,1402.2706414468785,95.45855630358977,0.07951785500158481,0.28982856526229517,0.4728927705467864,3.7078310467186477,231,247,791,0.03476311857255867,44742622606.70981,0.9018140607487504,0.9984888324815171,0.9999137369931124
four_support,expression,quadratic_t__lambda_0.01,False,quadratic_t,0.01,22754,22754,22754,True,247,247,-1.7868733121446883,1370.7331269840045,92.91739847931798,0.08775183240280532,0.2895582437579198,0.4600596058375043,3.7029570586747274,230,247,613,0.026940318185813484,42752702335.329796,0.8996538510731805,0.9984130731515037,0.9998999942813878
four_support,expression,quadratic_t__lambda_1,False,quadratic_t,1.0,22754,22754,22754,True,247,247,-1.4031793058399078,1272.879766595309,105.85748665008236,0.233727949221406,0.46844396034662467,0.5861739502115574,3.768365599911414,197,247,109,0.004790366528961941,36866551871.32665,0.8873739396017745,0.9977693992559834,0.9995024097989941
four_support,expression,quadratic_t__lambda_1e-06,False,quadratic_t,1e-06,22754,22754,22754,True,247,247,-1.9182553517722734,1402.6713957280783,95.49659509642926,0.07954510156234862,0.2900559363149521,0.47318838790376233,3.707900417809741,231,247,793,0.03485101520611761,44768200208.13551,0.9018380978283012,0.9984897506319812,0.9999138971201127
four_support,expression,quadratic_t__lambda_1e-08,False,quadratic_t,1e-08,22754,22754,22754,True,247,247,-1.9182720700177653,1402.675413568933,95.49697731892977,0.0795453782582981,0.2900582389903167,0.47319134993645895,3.707901113824263,231,247,793,0.03485101520611761,44768456678.413506,0.9018383384383424,0.9984897598165218,0.9999138987083794
four_support,expression,shomate5__lambda_0.0001,False,shomate5,0.0001,22754,22754,22754,True,247,247,-2.011366899996568,1424.8729162394027,97.74181541223764,0.0835673219119583,0.29992214853192173,0.4630014553425479,4.02242313124727,231,247,1067,0.046892854003691656,46196600375.400925,0.9204194669056678,0.9982202607895105,0.9998691013738548
four_support,expression,shomate5__lambda_0.01,False,shomate5,0.01,22754,22754,22754,True,247,247,-1.5826323006171656,1319.5491902140113,83.5153527065952,0.08446886102203703,0.3177065225102857,0.4763040169115561,3.6091526722964384,230,247,849,0.037312120945767774,39619493827.98538,0.9084119476510553,0.9982646301736633,0.9998187016188302
four_support,expression,shomate5__lambda_1,False,shomate5,1.0,22754,22754,22754,True,247,247,-1.4462956168804042,1284.2476032936506,101.71263533102865,0.25197582941366026,0.4802527534937467,0.5737885169552011,3.613292714441125,196,247,156,0.006855937417596906,37527988041.991066,0.8925008276248674,0.9978244580627067,0.9994024331289728
four_support,expression,shomate5__lambda_1e-06,False,shomate5,1e-06,22754,22754,22754,True,247,247,-2.0215936973170723,1427.2903459649367,98.01279374869503,0.08368241273584945,0.2998303714539586,0.4635071296899478,4.028285449064225,231,247,1058,0.04649731915267645,46353487026.75387,0.9205947608918856,0.9982216120021142,0.9998695481068716
four_support,expression,shomate5__lambda_1e-08,False,shomate5,1e-08,22754,22754,22754,True,247,247,-2.0216970694801693,1427.3147603706007,98.01569653260695,0.08368357911484588,0.2998294493738472,0.46351221903066975,4.028344284197374,231,247,1058,0.04649731915267645,46355072832.3588,0.9205965192078116,0.9982216250538087,0.9998695517440809
four_support,support_knn,k_1,False,,,22754,22754,22754,True,247,247,-2.9092927990989215,1623.4667378746074,88.36248534645208,0.359510308809724,0.5422276501766718,0.7601463380251953,4.175739393426928,169,247,0,0.0,59971449241.40967,0.893553514447464,0.99772820663175,0.9991152448008536
four_support,support_knn,k_2,False,,,22754,22754,22754,True,247,247,-1.9457484475663192,1409.2632411489387,70.68657498464674,0.10688194873120509,0.3783957799389504,0.4958305634630883,3.504644454290044,224,247,0,0.0,45189964676.45108,0.9041042986767727,0.9986054348254647,0.9998490517598573
four_support,support_knn,k_4,False,,,22754,22754,22754,True,247,247,-1.6930701462488802,1347.4669695052085,96.77733503204217,0.2815002243012091,0.4422433583761681,0.5278751453676075,3.1191447735461812,214,247,0,0.0,41313692240.3324,0.9114852222964461,0.9982707800162214,0.9993236239093793
four_support,support_linear,support_linear,False,,,22754,22754,22754,True,247,247,-1.9344736817860686,1406.5636987076848,67.38522238315564,0.0688730557242348,0.23533572970485672,0.4451429427052384,3.5046543806636823,232,247,0,0.0,45017001412.13511,0.9038485292971628,0.9986953046550441,0.9999430242347331
four_support,support_nearest,support_nearest,False,,,22754,22754,22754,True,247,247,-2.9092927990989215,1623.4667378746074,88.36248534645208,0.35951030880972407,0.5422276501766722,0.7601463380251952,4.175739393426928,169,247,0,0.0,59971449241.40967,0.8935535144474639,0.99772820663175,0.9991152448008536
four_support,support_pchip,support_pchip,False,,,22754,22754,22754,True,247,247,-1.3766551973482333,1265.8358316741267,55.38922299740205,0.05181289766675885,0.21467248115884427,0.34734686817832094,2.9167752454876177,236,247,0,0.0,36459652386.47641,0.9127793710313143,0.9990260801345004,0.9999531754906521
prefix,expression,constant__lambda_0,False,constant,0.0,17897,17897,17897,True,247,247,0.22259896110952548,893.910017230649,181.5514933419839,2.4798589502274715,3.2344079114686726,3.7486214646204368,6.482177052186105,0,247,0,0.0,14301047403.04814,0.8436940403854705,0.9143243252984526,0.9278000276514271
prefix,expression,constant__lambda_0.0001,False,constant,0.0001,17897,17897,17897,True,247,247,0.22259896110952548,893.910017230649,181.5514933419839,2.4798589502274715,3.2344079114686726,3.7486214646204323,6.482177052186105,0,247,0,0.0,14301047403.04814,0.8436940403854705,0.9143243252984526,0.9278000276514271
prefix,expression,constant__lambda_0.01,False,constant,0.01,17897,17897,17897,True,247,247,0.22259896110952548,893.910017230649,181.5514933419839,2.4798589502274715,3.2344079114686726,3.7486214646204323,6.482177052186105,0,247,0,0.0,14301047403.04814,0.8436940403854705,0.9143243252984526,0.9278000276514271
prefix,expression,constant__lambda_1,False,constant,1.0,17897,17897,17897,True,247,247,0.22259896110952548,893.910017230649,181.5514933419839,2.4798589502274715,3.2344079114686726,3.7486214646204323,6.482177052186105,0,247,0,0.0,14301047403.04814,0.8436940403854705,0.9143243252984526,0.9278000276514271
prefix,expression,constant__lambda_1e-06,False,constant,1e-06,17897,17897,17897,True,247,247,0.22259896110952548,893.910017230649,181.5514933419839,2.4798589502274715,3.2344079114686726,3.7486214646204323,6.482177052186105,0,247,0,0.0,14301047403.04814,0.8436940403854705,0.9143243252984526,0.9278000276514271
prefix,expression,constant__lambda_1e-08,False,constant,1e-08,17897,17897,17897,True,247,247,0.22259896110952548,893.910017230649,181.5514933419839,2.4798589502274715,3.2344079114686726,3.7486214646204323,6.482177052186105,0,247,0,0.0,14301047403.04814,0.8436940403854705,0.9143243252984526,0.9278000276514271
prefix,expression,cubic_t__lambda_0,False,cubic_t,0.0,17897,17897,17897,True,247,247,-19262.818244778875,140715.65990707657,8923.319186866884,17.636951502132415,141.18760718436062,432.24031501019954,37513.50804173559,9,247,5420,0.30284405207576687,354376652590375.0,0.928981765044529,0.9902879030225673,0.995661840491195
prefix,expression,cubic_t__lambda_0.0001,False,cubic_t,0.0001,17897,17897,17897,True,247,247,-16302.3153153673,129452.13270729595,8268.610667038982,6.594606804378418,111.53536134491623,230.00505871517433,37143.032851058524,19,247,5175,0.28915460691736045,299915324894178.4,0.9210181852987531,0.9898219527563984,0.9959584121129434
prefix,expression,cubic_t__lambda_0.01,False,cubic_t,0.01,17897,17897,17897,True,247,247,-279.8714196637157,16991.237891403533,2312.4070411031225,3.707144519577545,76.49474564419558,120.90665037035373,21067.83513684287,36,247,4208,0.23512320500642567,5166902648477.336,0.8460309327165905,0.9265402184404478,0.9549338750420953
prefix,expression,cubic_t__lambda_1,False,cubic_t,1.0,17897,17897,17897,True,247,247,-291.63801301841016,17343.49483709478,1497.8459786278338,3.5573755437091825,46.249751505406834,75.47591563324329,4717.555801957386,19,247,890,0.049729004861149916,5383360565202.071,0.911998411972586,0.9770232488812944,0.986038333665489
prefix,expression,cubic_t__lambda_1e-06,False,cubic_t,1e-06,17897,17897,17897,True,247,247,-19223.62545213842,140572.44199477546,8840.899174501745,10.607570026643769,125.25321162566935,369.4496356449889,37509.75619081271,17,247,5324,0.297480024585126,353655663091558.6,0.9291877928534412,0.9905862070878292,0.9959692352856445
prefix,expression,cubic_t__lambda_1e-08,False,cubic_t,1e-08,17897,17897,17897,True,247,247,-19262.383563873384,140714.07229981353,8918.8298563714,15.12206253358606,125.26167353275241,432.2398188616007,37513.470518578804,11,247,5400,0.30172654634855006,354368656212799.44,0.9289858618777249,0.9902930566256961,0.995667096739756
prefix,expression,linear_t__lambda_0,False,linear_t,0.0,17897,17897,17897,True,247,247,0.2862973328105842,856.505005944359,82.96370956904522,0.9377691453575168,2.9676687698889963,4.563830388748012,18.79178660861592,62,247,209,0.011677934849416103,13129253968.74304,0.9091661186931121,0.9797901569160524,0.9844852162409172
prefix,expression,linear_t__lambda_0.0001,False,linear_t,0.0001,17897,17897,17897,True,247,247,0.28629757495433505,856.5048606476116,82.96304933018916,0.9377222133827989,2.9676169413581017,4.563775887549509,18.791653422006426,62,247,209,0.011677934849416103,13129249514.273487,0.9091664631176727,0.9797905398299577,0.9844855313436055
prefix,expression,linear_t__lambda_0.01,False,linear_t,0.01,17897,17897,17897,True,247,247,0.2863214997968563,856.4905045834277,82.89779281024556,0.9330836991687097,2.9624941132819123,4.558385369189734,18.778476190357168,62,247,209,0.011677934849416103,13128809393.55086,0.9092005006321858,0.9798283825664145,0.9845166657907457
prefix,expression,linear_t__lambda_1,False,linear_t,1.0,17897,17897,17897,True,247,247,0.28829670212815983,855.3044563873018,77.34990594615843,0.7973314687783107,2.5095584031487657,4.014149323232811,17.53832440145831,63,247,209,0.011677934849416103,13092473627.636656,0.9120681389190697,0.9830298518629119,0.9870949247572245
prefix,expression,linear_t__lambda_1e-06,False,linear_t,1e-06,17897,17897,17897,True,247,247,0.2862973352320701,856.5050044913627,82.9637029666104,0.9377686760300137,2.967668251595117,4.563829843730852,18.791785276742136,62,247,209,0.011677934849416103,13129253924.197454,0.9091661221374193,0.9797901607452583,0.9844852193920061
prefix,expression,linear_t__lambda_1e-08,False,linear_t,1e-08,17897,17897,17897,True,247,247,0.28629733283479974,856.5050059298287,82.96370950301973,0.9377691406642421,2.9676687647057736,4.563830383297774,18.791786595298035,62,247,209,0.011677934849416103,13129253968.297571,0.909166118727556,0.9797901569543453,0.9844852162724292
prefix,expression,quadratic_t__lambda_0,False,quadratic_t,0.0,17897,17897,17897,True,247,247,-1.354191908049374,1555.5793774444655,327.2241186198084,2.0932204529620275,14.168823080368687,21.274424556177923,464.4705705962772,33,247,642,0.03587193384366095,43307647389.99755,0.3606282212503483,0.7187820217946373,0.8383752954474574
prefix,expression,quadratic_t__lambda_0.0001,False,quadratic_t,0.0001,17897,17897,17897,True,247,247,-1.346835140581732,1553.1469100088364,326.1462508469253,1.7409719903113556,14.098791060616286,20.855963980501873,464.35611780107104,35,247,637,0.03559255741185673,43172312504.88072,0.3615676093622475,0.7208151633389767,0.8383241828819062
prefix,expression,quadratic_t__lambda_0.01,False,quadratic_t,0.01,17897,17897,17897,True,247,247,-1.1120197156916083,1473.3985214915404,301.4120515960094,1.4454552284371636,11.581460520948617,18.615570141513793,453.24206456716166,49,247,508,0.02838464547130804,38852654626.47948,0.3820506951648166,0.7781903211280662,0.851581796662845
prefix,expression,quadratic_t__lambda_1,False,quadratic_t,1.0,17897,17897,17897,True,247,247,-0.3599986032670994,1182.3348119646982,279.66156475059415,1.8999942747720422,9.598320323835955,14.010465862862427,77.2106856924408,28,247,61,0.0034083924680113984,25018495628.92366,0.4754447854023923,0.731658535475723,0.8026266429668122
prefix,expression,quadratic_t__lambda_1e-06,False,quadratic_t,1e-06,17897,17897,17897,True,247,247,-1.3541157054902841,1555.5542010584022,327.20978019237555,2.093115056262244,14.168109344154132,21.27323338887021,464.46942584735586,33,247,642,0.03587193384366095,43306245569.88765,0.3606379884723763,0.7188030934640336,0.8383751570352965
prefix,expression,quadratic_t__lambda_1e-08,False,quadratic_t,1e-08,17897,17897,17897,True,247,247,-1.3541911456791462,1555.5791255687589,327.22397093087255,2.0932193988027095,14.168815941566773,21.274412644021773,464.4705591487708,33,247,642,0.03587193384366095,43307633365.45652,0.36062831897195896,0.7187822326094951,0.8383752941357091
prefix,expression,shomate5__lambda_0,True,shomate5,0.0,17897,17874,17874,False,246,246,-69969.56090811944,268352.9827418319,14913.80624896656,34.169886410747054,303.16958031751847,488.0762498346978,44258.36416274964,4,246,6071,0.33965536533512364,1287166141494231.5,0.9361225081826032,0.9892216224477546,0.9960627720322884
prefix,expression,shomate5__lambda_0.0001,False,shomate5,0.0001,17897,17897,17897,True,247,247,-11679.540648302516,109572.78955483397,7114.209761845956,5.023996003891567,95.20176833894949,222.7583024904129,41801.56647879648,23,247,4571,0.2554059339554115,214874893585187.5,0.8966762309513505,0.9912529319075001,0.9960068693081168
prefix,expression,shomate5__lambda_0.01,False,shomate5,0.01,17897,17897,17897,True,247,247,-292.0697348751254,17356.283343608848,2217.9874374797455,2.451692623912994,68.02657162682821,117.23869143215566,16661.494977193655,36,247,3445,0.19249036151310275,5391302508200.537,0.5071202241394965,0.9333768745671212,0.9611168088147305
prefix,expression,shomate5__lambda_1,False,shomate5,1.0,17897,17897,17897,True,247,247,-318.82649187033206,18131.279923649603,1705.5035703692313,3.343150741313189,45.664055081268344,68.9703967077453,3108.253542446952,29,247,617,0.034475051684639886,5883519048953.322,0.8992024242413891,0.9464751671754661,0.9794469190166806
prefix,expression,shomate5__lambda_1e-06,False,shomate5,1e-06,17897,17897,17897,True,247,247,-65002.21354732265,258486.97214343728,12353.812561481307,10.682143967586466,126.4123620748597,390.97848504714574,44231.65693249574,12,247,5254,0.293568754539867,1195797267800786.2,0.975151143048311,0.9950839824428399,0.9989329539513944
prefix,expression,shomate5__lambda_1e-08,False,shomate5,1e-08,17897,17897,17897,True,247,247,-67742.07119567251,263878.30554544483,13569.415330709218,17.135455745507848,158.80507844333883,433.23658121491974,44258.096858265286,6,247,5704,0.3187126334022462,1246199611181466.8,0.9665759785342772,0.9905075459252639,0.9975726204980363
prefix,support_knn,k_1,False,,,17897,17897,17897,True,247,247,0.2472244568173927,879.6380278116872,145.6277855030383,2.0078911142166582,2.364034118074134,2.614029531964956,3.9545608128005183,0,247,0,0.0,13848037484.32666,0.8699047339302999,0.9394777823983991,0.9498513779539227
prefix,support_knn,k_2,False,,,17897,17897,17897,True,247,247,0.2460870861390495,880.302300774414,147.4821135631569,2.0300007308824286,2.4429800760403797,2.711862062116701,4.171709462563466,0,247,0,0.0,13868960522.979963,0.8686537002964334,0.9381567784326306,0.9487408485294737
prefix,support_knn,k_4,False,,,17897,17897,17897,True,247,247,0.24382125396177756,881.6241516272006,151.03631095036212,2.1021857850906827,2.6313971820513857,2.811993223127806,4.6440995452172285,0,247,0,0.0,13910642707.275427,0.8661583037864038,0.935505162700899,0.9465062425075549
prefix,support_linear,support_linear,False,,,17897,17897,17897,True,247,247,0.19444982324793514,909.9500314662297,97.74413532156768,0.9749557047012528,2.536807686479805,3.8072947635432066,42.74461256410571,61,247,157,0.008772419958652288,14818878142.621227,0.806514016955003,0.9755350162351064,0.9839059460624171
prefix,support_nearest,support_nearest,False,,,17897,17897,17897,True,247,247,0.2472244568173927,879.6380278116872,145.6277855030383,2.0078911142166582,2.364034118074134,2.614029531964956,3.9545608128005183,0,247,0,0.0,13848037484.32666,0.8699047339302999,0.9394777823983991,0.9498513779539227
prefix,support_pchip,support_pchip,False,,,17897,17897,17897,True,247,247,0.19045633077236213,912.2027688652803,104.21184275045694,0.994491200001209,2.8297127719076176,4.399372974786382,43.00563048940913,58,247,230,0.012851315862993798,14892342316.631588,0.8020244875801446,0.9711261423041306,0.9807119849976437
spread,expression,constant__lambda_0,False,constant,0.0,17704,17704,17704,True,247,247,0.332959424021426,776.3390139719022,107.8921895967041,1.0007838387485959,1.0132778114326808,1.0225872574579287,1.0852369452181072,0,247,0,0.0,10670240892.741575,0.8829856281794302,0.9664556522747396,0.9722362978337137
spread,expression,constant__lambda_0.0001,False,constant,0.0001,17704,17704,17704,True,247,247,0.332959424021426,776.3390139719022,107.8921895967041,1.000783838748596,1.0132778114326806,1.0225872574579284,1.0852369452181045,0,247,0,0.0,10670240892.741575,0.8829856281794302,0.9664556522747396,0.9722362978337137
spread,expression,constant__lambda_0.01,False,constant,0.01,17704,17704,17704,True,247,247,0.332959424021426,776.3390139719022,107.8921895967041,1.000783838748596,1.0132778114326806,1.0225872574579284,1.0852369452181045,0,247,0,0.0,10670240892.741575,0.8829856281794302,0.9664556522747396,0.9722362978337137
spread,expression,constant__lambda_1,False,constant,1.0,17704,17704,17704,True,247,247,0.332959424021426,776.3390139719022,107.8921895967041,1.000783838748596,1.0132778114326806,1.0225872574579284,1.0852369452181045,0,247,0,0.0,10670240892.741575,0.8829856281794302,0.9664556522747396,0.9722362978337137
spread,expression,constant__lambda_1e-06,False,constant,1e-06,17704,17704,17704,True,247,247,0.332959424021426,776.3390139719022,107.8921895967041,1.000783838748596,1.0132778114326806,1.0225872574579284,1.0852369452181045,0,247,0,0.0,10670240892.741575,0.8829856281794302,0.9664556522747396,0.9722362978337137
spread,expression,constant__lambda_1e-08,False,constant,1e-08,17704,17704,17704,True,247,247,0.332959424021426,776.3390139719022,107.8921895967041,1.000783838748596,1.0132778114326806,1.0225872574579284,1.0852369452181045,0,247,0,0.0,10670240892.741575,0.8829856281794302,0.9664556522747396,0.9722362978337137
spread,expression,cubic_t__lambda_0,False,cubic_t,0.0,17704,17704,17704,True,247,247,0.6187482983791008,586.9230701273586,26.20355699869779,0.03818431087628762,0.11279296384313853,0.22171405332371016,1.217090612920553,238,247,786,0.044396746497966565,6098650732.145713,0.8872563772972417,0.9995379380845568,0.9998959614845521
spread,expression,cubic_t__lambda_0.0001,False,cubic_t,0.0001,17704,17704,17704,True,247,247,0.6182981546044274,587.2694578627637,26.16957930571153,0.03929507326949434,0.11607677505645712,0.22931950956992245,1.1218389976506975,238,247,787,0.04445323090826932,6105851407.314666,0.887217812674982,0.9995309104483002,0.999888383655835
spread,expression,cubic_t__lambda_0.01,False,cubic_t,0.01,17704,17704,17704,True,247,247,0.5917584872910122,607.3427723332219,26.499726744535728,0.04728971519871733,0.1470589065825671,0.26859199174574505,0.9881283078856528,238,247,751,0.042419792137370085,6530390263.938067,0.8890220795998122,0.999508110454346,0.9998368045247982
spread,expression,cubic_t__lambda_1,False,cubic_t,1.0,17704,17704,17704,True,247,247,0.5415292615531232,643.622319965001,32.474000642089486,0.11816128566090943,0.29139950525415065,0.37855126313101567,0.9898908591102876,235,247,334,0.01886579304112065,7333876525.164232,0.8944300686177958,0.9990495579842351,0.9994269290285629
spread,expression,cubic_t__lambda_1e-06,False,cubic_t,1e-06,17704,17704,17704,True,247,247,0.6187438526964182,586.9264921004427,26.201365881727384,0.03818343651811728,0.11278856378190873,0.22180334478048624,1.199284091226529,238,247,786,0.044396746497966565,6098721847.017677,0.8872561048303859,0.9995380244090499,0.9998960423428601
spread,expression,cubic_t__lambda_1e-08,False,cubic_t,1e-08,17704,17704,17704,True,247,247,0.6187482553541317,586.9231032450421,26.20340264567529,0.038184302132019135,0.11279291981255005,0.22171494768980288,1.216872702366867,238,247,786,0.044396746497966565,6098651420.389879,0.8872563779028437,0.9995379427025355,0.999895966049212
spread,expression,linear_t__lambda_0,False,linear_t,0.0,17704,17704,17704,True,247,247,0.4593278094467107,698.9438717116711,37.03723169377039,0.12653550267324554,0.3247711189395143,0.4439269229372285,0.9903061412844978,232,247,322,0.018187980117487575,8648802973.86164,0.9043787309143697,0.9991825966083279,0.9995219787222356
spread,expression,linear_t__lambda_0.0001,False,linear_t,0.0001,17704,17704,17704,True,247,247,0.45932762314109044,698.9439921332155,37.03717018002439,0.12653498042039785,0.32477083195288875,0.4439265661727848,0.9903061683882572,232,247,322,0.018187980117487575,8648805954.078917,0.9043787380769944,0.9991825988494819,0.9995219807507886
spread,expression,linear_t__lambda_0.01,False,linear_t,0.01,17704,17704,17704,True,247,247,0.4593091731232498,698.9559174873355,37.03114000375243,0.12651352979934402,0.3247426027621568,0.44389146188165546,0.9903088511634058,232,247,321,0.01813149570718482,8649101087.751326,0.9043794392526158,0.9991828110585217,0.9995221721561691
spread,expression,linear_t__lambda_1,False,linear_t,1.0,17704,17704,17704,True,247,247,0.4574157050932569,700.178699510636,37.2499991052715,0.14493712089835908,0.32665817432369487,0.4423479237073433,0.9905722470625448,230,247,254,0.014347040216900135,8679389739.94177,0.9043806089662756,0.9991194153761555,0.999458983023665
spread,expression,linear_t__lambda_1e-06,False,linear_t,1e-06,17704,17704,17704,True,247,247,0.4593278075836602,698.943872915883,37.03723107849965,0.12653549745001597,0.32477111606946546,0.44392691936937173,0.9903061415555356,232,247,322,0.018187980117487575,8648803003.663723,0.904378730986004,0.9991825966307492,0.9995219787425305
spread,expression,linear_t__lambda_1e-08,False,linear_t,1e-08,17704,17704,17704,True,247,247,0.45932780942808016,698.9438717237133,37.03723168761766,0.1265355026210139,0.32477111891081367,0.44392692290155245,0.9903061412872081,232,247,322,0.018187980117487575,8648802974.159662,0.9043787309150861,0.999182596608552,0.9995219787224384
spread,expression,quadratic_t__lambda_0,False,quadratic_t,0.0,17704,17704,17704,True,247,247,0.5512773319490762,636.7431621934909,30.77800546550379,0.05903287197656547,0.1592752842052639,0.27154631102666205,1.0864346932975422,239,247,759,0.04287166741979214,7177942593.841344,0.8944395148617078,0.9993536074318075,0.9997671273836887
spread,expression,quadratic_t__lambda_0.0001,False,quadratic_t,0.0001,17704,17704,17704,True,247,247,0.5512675281651491,636.7501180024207,30.776203770283747,0.05912519189345146,0.16199008973852505,0.27151289185639277,1.0747127209213037,239,247,759,0.04287166741979214,7178099418.988014,0.8944397890794535,0.9993536908523621,0.9997671963493179
spread,expression,quadratic_t__lambda_0.01,False,quadratic_t,0.01,17704,17704,17704,True,247,247,0.5502938276009509,637.4405828308052,30.667560468994225,0.06377157684667174,0.16502362402538232,0.3000970058916202,0.9906630405338616,238,247,750,0.04236330772706733,7193675112.508835,0.8944650022891318,0.9993545202280532,0.9997666044634266
spread,expression,quadratic_t__lambda_1,False,quadratic_t,1.0,17704,17704,17704,True,247,247,0.5031847614665435,669.9968168551785,34.61936137066045,0.1284353173079072,0.2962398810503062,0.3986658852889087,0.9901275773772807,234,247,313,0.017679620424762767,7947250085.288853,0.8989967213012047,0.999097851429439,0.9994564088424566
spread,expression,quadratic_t__lambda_1e-06,False,quadratic_t,1e-06,17704,17704,17704,True,247,247,0.551277233926265,636.7432317412938,30.777986571631363,0.05903335139282367,0.15931887336843265,0.27154597594118973,1.0863149644405186,239,247,759,0.04287166741979214,7177944161.852416,0.8944395176280301,0.9993536082985339,0.999767128105867
spread,expression,quadratic_t__lambda_1e-08,False,quadratic_t,1e-08,17704,17704,17704,True,247,247,0.5512773309688472,636.7431628889697,30.77800527660716,0.05903287672396504,0.15927572065939097,0.2715463076757174,1.0864334957482984,239,247,759,0.04287166741979214,7177942609.521469,0.894439514889374,0.9993536074404785,0.9997671273909143
spread,expression,shomate5__lambda_0,True,shomate5,0.0,17704,17704,17704,True,247,247,0.6386459472518312,571.4019921739689,24.813439691554628,0.029577814373804804,0.09293865188564439,0.21186416976145642,1.7449515101552815,238,247,778,0.04394487121554451,5780360189.835374,0.8855834041711832,0.9995409447624215,0.9999150410340927
spread,expression,shomate5__lambda_0.0001,False,shomate5,0.0001,17704,17704,17704,True,247,247,0.6360587249931169,573.4439053767624,24.52033217838227,0.031570157662014854,0.08873062625368065,0.22310527005283692,1.1264298430552826,238,247,776,0.043831902394939,5821746404.913887,0.8852392665272156,0.9995348484608041,0.9999060963872022
spread,expression,shomate5__lambda_0.01,False,shomate5,0.01,17704,17704,17704,True,247,247,0.595515648084506,604.5415396243835,26.61861367999087,0.040318979892256746,0.12492375209643894,0.24863536033098774,0.9880350739901193,238,247,765,0.04321057388160868,6470289256.318661,0.8893636088969582,0.999553358655477,0.9998808643544348
spread,expression,shomate5__lambda_1,False,shomate5,1.0,17704,17704,17704,True,247,247,0.5408091857913462,644.127559405087,31.705224911472794,0.09843086201805265,0.2509403532956554,0.3266028713675973,0.9896088011849816,237,247,485,0.027394938996836874,7345395137.548365,0.8948628280188254,0.9992311178615811,0.9995848097417799
spread,expression,shomate5__lambda_1e-06,False,shomate5,1e-06,17704,17704,17704,True,247,247,0.6386203831587676,571.4222038130138,24.815509841261225,0.029727563599564872,0.09028442145168354,0.18894174125796404,1.2001305541192322,238,247,778,0.04394487121554451,5780769123.026272,0.8855803787505313,0.9995428175757881,0.9999168854592398
spread,expression,shomate5__lambda_1e-08,False,shomate5,1e-08,17704,17704,17704,True,247,247,0.6386460962441369,571.4018743746686,24.812034537105923,0.02953364545022721,0.09031696815451622,0.18662736994918053,1.5230341234615847,238,247,778,0.04394487121554451,5780357806.496412,0.8855843654620392,0.9995420827985297,0.9999161792051984
spread,support_knn,k_1,False,,,17704,17704,17704,True,247,247,0.9198741766661306,269.06768230920454,11.808992811790414,0.08327850208530689,0.20623126904693304,0.2693358397860656,0.9866112168996284,238,247,0,0.0,1281723882.3101256,0.5893925555533296,0.9976812384272937,0.998667681879824
spread,support_knn,k_2,False,,,17704,17704,17704,True,247,247,0.8988201274438044,302.35861636407964,8.740714457129851,0.024755557536840545,0.14182774265201784,0.26195984162074454,0.9851946655704978,240,247,0,0.0,1618512655.0774906,0.6753512061355456,0.9993603277181442,0.9997309553761511
spread,support_knn,k_4,False,,,17704,17704,17704,True,247,247,0.8623744538859861,352.63451109781437,11.808906361515879,0.051102515727493435,0.20730793790046206,0.3230372905138555,0.9864620833949326,238,247,0,0.0,2201511846.378012,0.7560505809492609,0.9992724237104192,0.9995299905129549
spread,support_linear,support_linear,False,,,17704,17704,17704,True,247,247,0.9520843295536637,208.07220517003776,5.921786584002323,0.009745841959679188,0.07257123703708897,0.13996067091517314,1.0819654396024214,241,247,0,0.0,766477729.5587618,0.5159230035018572,0.9993376573241388,0.9998041539753904
spread,support_nearest,support_nearest,False,,,17704,17704,17704,True,247,247,0.9198741766661306,269.06768230920454,11.808992811790416,0.08327850208530689,0.20623126904693304,0.2693358397860656,0.9866112168996284,238,247,0,0.0,1281723882.3101256,0.5893925555533296,0.9976812384272937,0.998667681879824
spread,support_pchip,support_pchip,False,,,17704,17704,17704,True,247,247,0.9588065324801612,192.9254228004662,4.8939618162594805,0.008716826545858558,0.06522357187726907,0.13217955370546597,1.3391050097203372,241,247,0,0.0,658946752.975525,0.5637129019461967,0.9995498988745964,0.9997810500157991
